Workbook
Name ActivatedExperts: 'Parameters'!$D$21
Name ActiveHashLayers: 'Parameters'!$D$52
Name BF16Bytes: 'Parameters'!$D$33
Name DC_ExpertActiveProbability: 'Decode_1M'!$B$9
Name DC_IndexPairs: 'Decode_1M'!$B$8
Name DC_LongPairs: 'Decode_1M'!$B$7
Name DC_RawPairs: 'Decode_1M'!$B$5
Name DC_Rows: 'Decode_1M'!$B$4
Name DC_ShortPairs: 'Decode_1M'!$B$6
Name DecodeBatch: 'Parameters'!$D$8
Name DecodeContext: 'Parameters'!$D$10
Name DecodeTargetMs: 'Parameters'!$D$47
Name DecodeTokens: 'Parameters'!$D$9
Name ExpertInter: 'Parameters'!$D$23
Name FP32Bytes: 'Parameters'!$D$34
Name FP4Block: 'Parameters'!$D$41
Name FP4Bytes: 'Parameters'!$D$36
Name FP8Block: 'Parameters'!$D$40
Name FP8Bytes: 'Parameters'!$D$35
Name HashLayers: 'Parameters'!$D$32
Name HBMBandwidthGBps: 'Parameters'!$D$44
Name HCIters: 'Parameters'!$D$31
Name HCSlots: 'Parameters'!$D$30
Name HeadDim: 'Parameters'!$D$15
Name HiddenSize: 'Parameters'!$D$12
Name IndexHeadDim: 'Parameters'!$D$28
Name IndexHeads: 'Parameters'!$D$27
Name IndexTopK: 'Parameters'!$D$29
Name INT32Bytes: 'Parameters'!$D$38
Name INT64Bytes: 'Parameters'!$D$39
Name InterconnectGBps: 'Parameters'!$D$45
Name KernelMinHeads: 'Parameters'!$D$42
Name LongLayers: 'Parameters'!$D$51
Name LongRatio: 'Parameters'!$D$26
Name MaxContext: 'Parameters'!$D$11
Name NumHeads: 'Parameters'!$D$14
Name OGroups: 'Parameters'!$D$18
Name OLoraRank: 'Parameters'!$D$19
Name PeakTFLOPs: 'Parameters'!$D$43
Name PF_ExpertActiveProbability: 'Prefill_8K'!$B$9
Name PF_IndexPairs: 'Prefill_8K'!$B$8
Name PF_LongPairs: 'Prefill_8K'!$B$7
Name PF_RawPairs: 'Prefill_8K'!$B$5
Name PF_Rows: 'Prefill_8K'!$B$4
Name PF_ShortPairs: 'Prefill_8K'!$B$6
Name PrefillBatch: 'Parameters'!$D$6
Name PrefillSequence: 'Parameters'!$D$7
Name PrefillTargetMs: 'Parameters'!$D$46
Name QLoraRank: 'Parameters'!$D$17
Name RopeDim: 'Parameters'!$D$16
Name RoutedExperts: 'Parameters'!$D$20
Name ScaleBytes: 'Parameters'!$D$37
Name SharedExperts: 'Parameters'!$D$22
Name ShortLayers: 'Parameters'!$D$50
Name ShortRatio: 'Parameters'!$D$25
Name TotalLayers: 'Parameters'!$D$48
Name TP1KernelLocalHeads: 'Parameters'!$D$54
Name TP1LocalExperts: 'Parameters'!$D$56
Name TP1LocalHeads: 'Parameters'!$D$53
Name TP1LocalIndexHeads: 'Parameters'!$D$55

Sheet Parameters
A1: DeepSeek V4 Flash - Editable Architecture Parameters
A2: 蓝色单元格为可编辑输入，绿色单元格为 Excel 派生公式。
A3: Category | B3: Parameter | C3: Excel name | D3: Value | E3: Description
A4: Parallel | B4: TP1 comparison size | C4: TP1Size | D4: 1 | E4: 第一组张量并行配置。
A5: Parallel | B5: TP8 comparison size | C5: TP8Size | D5: 8 | E5: 第二组张量并行配置，可编辑。
A6: Scenario | B6: Prefill batch size | C6: PrefillBatch | D6: 1 | E6: 可编辑的预填充批大小。
A7: Scenario | B7: Prefill sequence length | C7: PrefillSequence | D7: 8192 | E7: 一次预填充处理的提示词令牌数。
A8: Scenario | B8: Decode batch size | C8: DecodeBatch | D8: 1 | E8: 可编辑的解码批大小。
A9: Scenario | B9: Decode tokens per step | C9: DecodeTokens | D9: 1 | E9: 通常为 1；公式按解码上下文长度建模每个令牌。
A10: Scenario | B10: Decode context | C10: DecodeContext | D10: 1048576 | E10: 解码阶段可见的有效上下文长度。
A11: Scenario | B11: Maximum allocated context | C11: MaxContext | D11: 1048576 | E11: KV 缓存的预分配容量。
A12: Model | B12: Hidden size | C12: HiddenSize | D12: 4096 | E12: Transformer 残差宽度。
A13: Model | B13: Vocabulary size | C13: VocabSize | D13: 129280 | E13: Embedding 与 LM Head 使用的词表大小。
A14: Attention | B14: Query heads | C14: NumHeads | D14: 64 | E14: 全局 Query 头数量。
A15: Attention | B15: Head dimension | C15: HeadDim | D15: 512 | E15: 共享潜在 KV 宽度及每个 Query 头的宽度。
... A47: Hardware | B47: Decode target latency | C47: DecodeTargetMs | D47: 10 | E47: 仅用于推导所需 HBM 带宽和卡间互连带宽。
A48: Derived | B48: Active layers | C48: TotalLayers | D48: =SUM(Layer_Config!$B$4:$B$67) -> 43 | E48: Layer_Config 中启用的层数。
A49: Derived | B49: Window-only layers | C49: WindowLayers | D49: =COUNTIFS(Layer_Config!$B$4:$B$67,1,Layer_Config!$C$4:$C$67,"window") -> 2 | E49: 启用的窗口模式层数。
A50: Derived | B50: Short-compression layers | C50: ShortLayers | D50: =COUNTIFS(Layer_Config!$B$4:$B$67,1,Layer_Config!$C$4:$C$67,"short") -> 21 | E50: 启用的 ratio-4/短压缩层数。
A51: Derived | B51: Long-compression layers | C51: LongLayers | D51: =COUNTIFS(Layer_Config!$B$4:$B$67,1,Layer_Config!$C$4:$C$67,"long") -> 20 | E51: 启用的 ratio-128/长压缩层数。
A52: Derived | B52: Active hash layers | C52: ActiveHashLayers | D52: =COUNTIFS(Layer_Config!$B$4:$B$67,1,Layer_Config!$A$4:$A$67,"<"&HashLayers) -> 3 | E52: 层 ID 小于 HashLayers 且已启用的层数。
A53: Derived | B53: TP1 local Q heads | C53: TP1LocalHeads | D53: =NumHeads/TP1Size -> 64 | E53: 单个 TP1 Rank 上的 Q 头数。
A54: Derived | B54: TP1 kernel local heads | C54: TP1KernelLocalHeads | D54: =MAX(TP1LocalHeads,KernelMinHeads) -> 64 | E54: 补齐后的稀疏内核本地头数。
A55: Derived | B55: TP1 local index heads | C55: TP1LocalIndexHeads | D55: =IndexHeads/TP1Size -> 64 | E55: 单个 TP1 Rank 上的 Indexer 头数。
A56: Derived | B56: TP1 local experts | C56: TP1LocalExperts | D56: =RoutedExperts/TP1Size -> 256 | E56: 单个 TP1 Rank 上的路由专家数。
A57: Derived | B57: TP1 local output groups | C57: TP1LocalOGroups | D57: =OGroups/TP1Size -> 8 | E57: 单个 TP1 Rank 上的输出分组数。
A58: Derived | B58: TP1 local vocabulary | C58: TP1LocalVocab | D58: =VocabSize/TP1Size -> 129280 | E58: 单个 TP1 Rank 上的词表行数。
A59: Derived | B59: TP8 local Q heads | C59: TP8LocalHeads | D59: =NumHeads/TP8Size -> 8 | E59: 单个 TP8 Rank 上的 Q 头数。
A60: Derived | B60: TP8 kernel local heads | C60: TP8KernelLocalHeads | D60: =MAX(TP8LocalHeads,KernelMinHeads) -> 16 | E60: 补齐后的稀疏内核本地头数。
A61: Derived | B61: TP8 local index heads | C61: TP8LocalIndexHeads | D61: =IndexHeads/TP8Size -> 8 | E61: 单个 TP8 Rank 上的 Indexer 头数。
A62: Derived | B62: TP8 local experts | C62: TP8LocalExperts | D62: =RoutedExperts/TP8Size -> 32 | E62: 单个 TP8 Rank 上的路由专家数。
A63: Derived | B63: TP8 local output groups | C63: TP8LocalOGroups | D63: =OGroups/TP8Size -> 1 | E63: 单个 TP8 Rank 上的输出分组数。
A64: Derived | B64: TP8 local vocabulary | C64: TP8LocalVocab | D64: =VocabSize/TP8Size -> 16160 | E64: 单个 TP8 Rank 上的词表行数。

Sheet Prefill_8K
A1: 8K Prefill - TP1 vs TP8 inference resources
A2: 容量为单 Rank 资源；分类容量是静态参数，整网容量另含 MaxContext 预分配 KV/State。可见通信列为原始集合通信数据量，HBM 读写量保留在隐藏审计列。
A3: Helper metric | B3: Value | C3: Unit | D3: Description
A4: 令牌行数 | B4: =PrefillBatch*PrefillSequence -> 8192 | C4: 令牌行 | D4: 当前场景需要处理的令牌总数；预填充为批大小乘序列长度，解码为批大小乘每步令牌数。
A5: 因果原始窗口对数 | B5: =IF(PrefillSequence<=WindowSize,PrefillSequence*(PrefillSequence+1)/2,WindowSize*(WindowSize+1)/2+(PrefillSequence-WindowSize)*WindowSize) -> 1040448 | C5: 对数/序列 | D5: 因果原始窗口路径中可参与注意力计算的令牌对数量，按每个序列统计。
A6: 封顶短压缩对数 | B6: =IF(PrefillSequence<IndexTopK*ShortRatio,ShortRatio*INT(PrefillSequence/ShortRatio)*(INT(PrefillSequence/ShortRatio)-1)/2+INT(PrefillSequence/ShortRatio)*(MOD(PrefillSequence,ShortRatio)+1),ShortRatio*IndexTopK*(IndexTopK-1)/2+(PrefillSequence-IndexTopK*ShortRatio+1)*IndexTopK) -> 3669504 | C6: 对数/序列 | D6: 短压缩路径的候选令牌对数量；按短压缩比例折叠，并受 Top-K 候选上限约束。
A7: 长压缩对数 | B7: =LongRatio*INT(PrefillSequence/LongRatio)*(INT(PrefillSequence/LongRatio)-1)/2+INT(PrefillSequence/LongRatio)*(MOD(PrefillSequence,LongRatio)+1) -> 258112 | C7: 对数/序列 | D7: 长压缩路径按长压缩比例折叠后的候选令牌对数量。
A8: Indexer 扫描对数 | B8: =ShortRatio*INT(PrefillSequence/ShortRatio)*(INT(PrefillSequence/ShortRatio)-1)/2+INT(PrefillSequence/ShortRatio)*(MOD(PrefillSequence,ShortRatio)+1) -> 8386560 | C8: 对数/序列 | D8: ratio-4 Indexer 评分时需要扫描的压缩条目数量，作为索引器计算量输入。
A9: 专家激活概率 | B9: =1-(1-ActivatedExperts/RoutedExperts)^PF_Rows -> 1 | C9: 概率 | D9: 在当前场景令牌数下，单个路由专家至少被激活一次的概率，用于估算路由专家参数读取量。
A11: 整网与主要模块汇总
A12: 类别 | B12: TP1 容量 | C12: TP1 算力 | D12: TP1 集合通信数据量 | E12: TP8 容量/rank | F12: TP8 算力/rank | G12: TP8 集合通信数据量/rank | H12: 参数类型 | I12: 激活类型 | J12: 说明
A13: 整网 | B13: =TEXT(IF(ABS(AE13)>=1E12,AE13/1E12,IF(ABS(AE13)>=1E9,AE13/1E9,IF(ABS(AE13)>=1E6,AE13/1E6,IF(ABS(AE13)>=1E3,AE13/1E3,AE13)))),"#,##0.000")&IF((IF(ABS(AE13)>=1E12,"TB",IF(ABS(AE13)>=1E9,"GB",IF(ABS(AE13)>=1E6,"MB",IF(ABS(AE13)>=1E3,"KB","bytes")))))="",""," "&(IF(ABS(AE13)>=1E12,"TB",IF(ABS(AE13)>=1E9,"GB",IF(ABS(AE13)>=1E6,"MB",IF(ABS(AE13)>=1E3,"KB","bytes")))))) -> 166.349 GB | C13: =TEXT(IF(ABS(AF13)>=1E15,AF13/1E15,IF(ABS(AF13)>=1E12,AF13/1E12,IF(ABS(AF13)>=1E9,AF13/1E9,IF(ABS(AF13)>=1E6,AF13/1E6,AF13)))),"#,##0.000")&IF((IF(ABS(AF13)>=1E15,"PFLOPs",IF(ABS(AF13)>=1E12,"TFLOPs",IF(ABS(AF13)>=1E9,"GFLOPs",IF(ABS(AF13)>=1E6,"MFLOPs","flops")))))="",""," "&(IF(ABS(AF13)>=1E15,"PFLOPs",IF(ABS(AF13)>=1E12,"TFLOPs",IF(ABS(AF13)>=1E9,"GFLOPs",IF(ABS(AF13)>=1E6,"MFLOPs","flops")))))) -> 228.398 TFLOPs | D13: =TEXT(IF(ABS(AK13)>=1E12,AK13/1E12,IF(ABS(AK13)>=1E9,AK13/1E9,IF(ABS(AK13)>=1E6,AK13/1E6,IF(ABS(AK13)>=1E3,AK13/1E3,AK13)))),"#,##0.000")&IF((IF(ABS(AK13)>=1E12,"TB",IF(ABS(AK13)>=1E9,"GB",IF(ABS(AK13)>=1E6,"MB",IF(ABS(AK13)>=1E3,"KB","bytes")))))="",""," "&(IF(ABS(AK13)>=1E12,"TB",IF(ABS(AK13)>=1E9,"GB",IF(ABS(AK13)>=1E6,"MB",IF(ABS(AK13)>=1E3,"KB","bytes")))))) -> 0.000 B | E13: =TEXT(IF(ABS(AH13)>=1E12,AH13/1E12,IF(ABS(AH13)>=1E9,AH13/1E9,IF(ABS(AH13)>=1E6,AH13/1E6,IF(ABS(AH13)>=1E3,AH13/1E3,AH13)))),"#,##0.000")&IF((IF(ABS(AH13)>=1E12,"TB",IF(ABS(AH13)>=1E9,"GB",IF(ABS(AH13)>=1E6,"MB",IF(ABS(AH13)>=1E3,"KB","bytes")))))="",""," "&(IF(ABS(AH13)>=1E12,"TB",IF(ABS(AH13)>=1E9,"GB",IF(ABS(AH13)>=1E6,"MB",IF(ABS(AH13)>=1E3,"KB","bytes")))))) -> 29.582 GB | F13: =TEXT(IF(ABS(AI13)>=1E15,AI13/1E15,IF(ABS(AI13)>=1E12,AI13/1E12,IF(ABS(AI13)>=1E9,AI13/1E9,IF(ABS(AI13)>=1E6,AI13/1E6,AI13)))),"#,##0.000")&IF((IF(ABS(AI13)>=1E15,"PFLOPs",IF(ABS(AI13)>=1E12,"TFLOPs",IF(ABS(AI13)>=1E9,"GFLOPs",IF(ABS(AI13)>=1E6,"MFLOPs","flops")))))="",""," "&(IF(ABS(AI13)>=1E15,"PFLOPs",IF(ABS(AI13)>=1E12,"TFLOPs",IF(ABS(AI13)>=1E9,"GFLOPs",IF(ABS(AI13)>=1E6,"MFLOPs","flops")))))) -> 55.653 TFLOPs | G13: =TEXT(IF(ABS(AL13)>=1E12,AL13/1E12,IF(ABS(AL13)>=1E9,AL13/1E9,IF(ABS(AL13)>=1E6,AL13/1E6,IF(ABS(AL13)>=1E3,AL13/1E3,AL13)))),"#,##0.000")&IF((IF(ABS(AL13)>=1E12,"TB",IF(ABS(AL13)>=1E9,"GB",IF(ABS(AL13)>=1E6,"MB",IF(ABS(AL13)>=1E3,"KB","bytes")))))="",""," "&(IF(ABS(AL13)>=1E12,"TB",IF(ABS(AL13)>=1E9,"GB",IF(ABS(AL13)>=1E6,"MB",IF(ABS(AL13)>=1E3,"KB","bytes")))))) -> 40.635 GB | H13: FP8 / FP4 / BF16 / FP32 | I13: BF16 / FP32 / INT32 | J13: 全推理路径；容量含 MaxContext KV/State；整网容量 = 静态参数 + 预分配 KV/State。 | AE13: =((TP1LocalVocab*HiddenSize*BF16Bytes)+(TotalLayers*(((HiddenSize)*(QLoraRank)*FP8Bytes+ROUNDUP((HiddenSize)/FP8Block,0)*ROUNDUP((QLoraRank)/FP8Block,0)*ScaleBytes)+((QLoraRank)*(TP1LocalHeads*HeadDim)*FP8Bytes+ROUNDUP((QLoraRank)/FP8Block,0)*ROUNDUP((TP1LocalHeads*HeadDim)/FP8Block,0)*ScaleBytes)+((HiddenSize)*(HeadDim)*FP8Bytes+ROUNDUP((HiddenSize)/FP8Block,0)*ROUNDUP((HeadDim)/FP8Block,0)*ScaleBytes)+TP1LocalHeads*HeadDim*OLoraRank*BF16Bytes+((TP1LocalOGroups*OLoraRank)*(HiddenSize)*FP8Bytes+ROUNDUP((TP1LocalOGroups*OLoraRank)/FP8Block,0)*ROUNDUP((HiddenSize)/FP8Block,0)*ScaleBytes)))+(0)+(0)+(0)+(ShortLayers*(((QLoraRank)*(TP1LocalIndexHeads*IndexHeadDim)*FP8Bytes+ROUNDUP((QLoraRank)/FP8Block,0)*ROUNDUP((TP1LocalIndexHeads*IndexHeadDim)/FP8Block,0)*ScaleBytes)+HiddenSize*TP1LocalIndexHeads*BF16Bytes))+(0)+(ShortLayers*(2*HiddenSize*(2*HeadDim)*FP32Bytes+ShortRatio*2*HeadDim*FP32Bytes+HeadDim*FP32Bytes))+(LongLayers*(2*HiddenSize*HeadDim*FP32Bytes+LongRatio*HeadDim*FP32Bytes+HeadDim*FP32Bytes))+(ShortLayers*(2*HiddenSize*(2*IndexHeadDim)*FP32Bytes+ShortRatio*2*IndexHeadDim*FP32Bytes+IndexHeadDim*FP32Bytes))+(TotalLayers*RoutedExperts*HiddenSize*BF16Bytes+(TotalLayers-ActiveHashLayers)*RoutedExperts*FP32Bytes+ActiveHashLayers*VocabSize*ActivatedExperts*INT32Bytes)+(TotalLayers*TP1LocalExperts*(3*HiddenSize*ExpertInter*FP4Bytes+3*HiddenSize*ExpertInter/FP4Block*ScaleBytes))+(TotalLayers*SharedExperts*(2*((HiddenSize)*(ExpertInter)*FP8Bytes+ROUNDUP((HiddenSize)/FP8Block,0)*ROUNDUP((ExpertInter)/FP8Block,0)*ScaleBytes)+((ExpertInter)*(HiddenSize)*FP8Bytes+ROUNDUP((ExpertInter)/FP8Block,0)*ROUNDUP((HiddenSize)/FP8Block,0)*ScaleBytes)))+((TotalLayers*2*(((2+HCSlots)*HCSlots)*HCSlots*HiddenSize+((2+HCSlots)*HCSlots)+3))*FP32Bytes+(HCSlots*HCSlots*HiddenSize+HCSlots+1)*FP32Bytes)+((TotalLayers*(2*HiddenSize+QLoraRank+HeadDim+TP1LocalHeads))*FP32Bytes+(HiddenSize)*FP32Bytes)+(0)+(TP1LocalVocab*HiddenSize*FP32Bytes)+(0)+(0))+(PrefillBatch*(HeadDim*BF16Bytes*(WindowLayers*WindowSize+ShortLayers*(WindowSize+INT(MaxContext/ShortRatio))+LongLayers*(WindowSize+INT(MaxContext/LongRatio)))+ShortLayers*INT(MaxContext/ShortRatio)*IndexHeadDim*BF16Bytes)+PrefillBatch*FP32Bytes*(ShortLayers*2*(2*ShortRatio)*(2*HeadDim)+LongLayers*2*LongRatio*HeadDim+ShortLayers*2*(2*ShortRatio)*(2*IndexHeadDim))) -> 166349315548 | AF13: =(0)+(PF_Rows*TotalLayers*2*(HiddenSize*QLoraRank+QLoraRank*TP1LocalHeads*HeadDim+HiddenSize*HeadDim+TP1LocalHeads*HeadDim*OLoraRank+TP1LocalOGroups*OLoraRank*HiddenSize))+(4*PrefillBatch*TP1KernelLocalHeads*HeadDim*(WindowLayers*PF_RawPairs))+(4*PrefillBatch*TP1KernelLocalHeads*HeadDim*(ShortLayers*(PF_RawPairs+PF_ShortPairs)))+(4*PrefillBatch*TP1KernelLocalHeads*HeadDim*(LongLayers*(PF_RawPairs+PF_LongPairs)))+(2*PF_Rows*ShortLayers*(QLoraRank*TP1LocalIndexHeads*IndexHeadDim+HiddenSize*TP1LocalIndexHeads))+(2*PrefillBatch*ShortLayers*TP1LocalIndexHeads*IndexHeadDim*PF_IndexPairs)+(PF_Rows*ShortLayers*8*HiddenSize*HeadDim)+(PF_Rows*LongLayers*4*HiddenSize*HeadDim)+(PF_Rows*ShortLayers*8*HiddenSize*IndexHeadDim)+(2*PF_Rows*TotalLayers*HiddenSize*RoutedExperts)+(PF_Rows*TotalLayers*(ActivatedExperts/TP1Size)*6*HiddenSize*ExpertInter)+(PF_Rows*TotalLayers*SharedExperts*6*HiddenSize*ExpertInter)+(TotalLayers*2*(2*PF_Rows*HCSlots*HiddenSize*((2+HCSlots)*HCSlots)+PF_Rows*(2*HCSlots*HiddenSize+1)+PF_Rows*HiddenSize*(2*HCSlots-1)+PF_Rows*HCSlots*HiddenSize*(2*HCSlots+1))+2*PF_Rows*HCSlots*HiddenSize*HCSlots+PF_Rows*(2*HCSlots*HiddenSize+1)+PF_Rows*HiddenSize*(2*HCSlots-1))+(PF_Rows*TotalLayers*2*(4*HiddenSize+1)+PF_Rows*(4*HiddenSize+1))+(0)+(2*PrefillBatch*HiddenSize*TP1LocalVocab)+(0)+(0) -> 228397682114560 | AG13: =((PF_Rows*HiddenSize*BF16Bytes)+(PF_Rows*HiddenSize*BF16Bytes))+((TotalLayers*(((HiddenSize)*(QLoraRank)*FP8Bytes+ROUNDUP((HiddenSize)/FP8Block,0)*ROUNDUP((QLoraRank)/FP8Block,0)*ScaleBytes)+((QLoraRank)*(TP1LocalHeads*HeadDim)*FP8Bytes+ROUNDUP((QLoraRank)/FP8Block,0)*ROUNDUP((TP1LocalHeads*HeadDim)/FP8Block,0)*ScaleBytes)+((HiddenSize)*(HeadDim)*FP8Bytes+ROUNDUP((HiddenSize)/FP8Block,0)*ROUNDUP((HeadDim)/FP8Block,0)*ScaleBytes)+TP1LocalHeads*HeadDim*OLoraRank*BF16Bytes+((TP1LocalOGroups*OLoraRank)*(HiddenSize)*FP8Bytes+ROUNDUP((TP1LocalOGroups*OLoraRank)/FP8Block,0)*ROUNDUP((HiddenSize)/FP8Block,0)*ScaleBytes))+PF_Rows*TotalLayers*(2*HiddenSize*BF16Bytes+QLoraRank*BF16Bytes+TP1KernelLocalHeads*HeadDim*BF16Bytes+TP1LocalOGroups*OLoraRank*BF16Bytes))+(PF_Rows*TotalLayers*(QLoraRank+TP1KernelLocalHeads*HeadDim+HeadDim+TP1LocalOGroups*OLoraRank+HiddenSize)*BF16Bytes))+((PF_Rows*WindowLayers*TP1KernelLocalHeads*HeadDim*BF16Bytes+PrefillBatch*(WindowLayers*PF_RawPairs)*HeadDim*BF16Bytes)+(PF_Rows*WindowLayers*TP1KernelLocalHeads*HeadDim*BF16Bytes))+((PF_Rows*ShortLayers*TP1KernelLocalHeads*HeadDim*BF16Bytes+PrefillBatch*(ShortLayers*(PF_RawPairs+PF_ShortPairs))*HeadDim*BF16Bytes)+(PF_Rows*ShortLayers*TP1KernelLocalHeads*HeadDim*BF16Bytes))+((PF_Rows*LongLayers*TP1KernelLocalHeads*HeadDim*BF16Bytes+PrefillBatch*(LongLayers*(PF_RawPairs+PF_LongPairs))*HeadDim*BF16Bytes)+(PF_Rows*LongLayers*TP1KernelLocalHeads*HeadDim*BF16Bytes))+((ShortLayers*(((QLoraRank)*(TP1LocalIndexHeads*IndexHeadDim)*FP8Bytes+ROUNDUP((QLoraRank)/FP8Block,0)*ROUNDUP((TP1LocalIndexHeads*IndexHeadDim)/FP8Block,0)*ScaleBytes)+HiddenSize*TP1LocalIndexHeads*BF16Bytes)+PF_Rows*ShortLayers*(QLoraRank+HiddenSize)*BF16Bytes)+(PF_Rows*ShortLayers*TP1LocalIndexHeads*(IndexHeadDim+1)*BF16Bytes))+((PrefillBatch*ShortLayers*PF_IndexPairs*(IndexHeadDim*BF16Bytes+TP1LocalIndexHeads*BF16Bytes))+(PrefillBatch*ShortLayers*PF_IndexPairs*(TP1LocalIndexHeads*BF16Bytes+FP32Bytes)))+((ShortLayers*(2*HiddenSize*(2*HeadDim)*FP32Bytes+ShortRatio*2*HeadDim*FP32Bytes+HeadDim*FP32Bytes)+PF_Rows*ShortLayers*HiddenSize*FP32Bytes)+(PF_Rows*ShortLayers*4*HeadDim*FP32Bytes))+((LongLayers*(2*HiddenSize*HeadDim*FP32Bytes+LongRatio*HeadDim*FP32Bytes+HeadDim*FP32Bytes)+PF_Rows*LongLayers*HiddenSize*FP32Bytes)+(PF_Rows*LongLayers*2*HeadDim*FP32Bytes))+((ShortLayers*(2*HiddenSize*(2*IndexHeadDim)*FP32Bytes+ShortRatio*2*IndexHeadDim*FP32Bytes+IndexHeadDim*FP32Bytes)+PF_Rows*ShortLayers*HiddenSize*FP32Bytes)+(PF_Rows*ShortLayers*4*IndexHeadDim*FP32Bytes))+((TotalLayers*RoutedExperts*HiddenSize*BF16Bytes+(TotalLayers-ActiveHashLayers)*RoutedExperts*FP32Bytes+PF_Rows*TotalLayers*HiddenSize*BF16Bytes+PF_Rows*ActiveHashLayers*ActivatedExperts*INT32Bytes)+(PF_Rows*TotalLayers*RoutedExperts*FP32Bytes))+((TotalLayers*TP1LocalExperts*PF_ExpertActiveProbability*(3*HiddenSize*ExpertInter*FP4Bytes+3*HiddenSize*ExpertInter/FP4Block*ScaleBytes)+PF_Rows*TotalLayers*(ActivatedExperts/TP1Size)*HiddenSize*BF16Bytes)+(PF_Rows*TotalLayers*(ActivatedExperts/TP1Size)*HiddenSize*BF16Bytes))+((TotalLayers*SharedExperts*(2*((HiddenSize)*(ExpertInter)*FP8Bytes+ROUNDUP((HiddenSize)/FP8Block,0)*ROUNDUP((ExpertInter)/FP8Block,0)*ScaleBytes)+((ExpertInter)*(HiddenSize)*FP8Bytes+ROUNDUP((ExpertInter)/FP8Block,0)*ROUNDUP((HiddenSize)/FP8Block,0)*ScaleBytes))+PF_Rows*TotalLayers*SharedExperts*HiddenSize*BF16Bytes)+(PF_Rows*TotalLayers*SharedExperts*HiddenSize*BF16Bytes))+((TotalLayers*2*((2+HCSlots)*HCSlots*HCSlots*HiddenSize*FP32Bytes+((2+HCSlots)*HCSlots+3)*FP32Bytes)+PF_Rows*TotalLayers*4*HCSlots*HiddenSize*BF16Bytes+(HCSlots*HCSlots*HiddenSize+HCSlots+1)*FP32Bytes+PF_Rows*HCSlots*HiddenSize*BF16Bytes)+(PF_Rows*TotalLayers*4*HCSlots*HiddenSize*BF16Bytes+PF_Rows*HiddenSize*BF16Bytes))+((TotalLayers*(2*HiddenSize+QLoraRank+HeadDim+TP1LocalHeads)*FP32Bytes+HiddenSize*FP32Bytes+PF_Rows*TotalLayers*2*HiddenSize*BF16Bytes+PF_Rows*HiddenSize*BF16Bytes)+(PF_Rows*TotalLayers*2*HiddenSize*BF16Bytes+PF_Rows*HiddenSize*BF16Bytes))+((0)+(0))+((TP1LocalVocab*HiddenSize*FP32Bytes+PrefillBatch*HiddenSize*FP32Bytes)+(PrefillBatch*TP1LocalVocab*FP32Bytes))+((0)+(0))+((0)+(0)) -> 656770882012 | AH13: =((TP8LocalVocab*HiddenSize*BF16Bytes)+(TotalLayers*(((HiddenSize)*(QLoraRank)*FP8Bytes+ROUNDUP((HiddenSize)/FP8Block,0)*ROUNDUP((QLoraRank)/FP8Block,0)*ScaleBytes)+((QLoraRank)*(TP8LocalHeads*HeadDim)*FP8Bytes+ROUNDUP((QLoraRank)/FP8Block,0)*ROUNDUP((TP8LocalHeads*HeadDim)/FP8Block,0)*ScaleBytes)+((HiddenSize)*(HeadDim)*FP8Bytes+ROUNDUP((HiddenSize)/FP8Block,0)*ROUNDUP((HeadDim)/FP8Block,0)*ScaleBytes)+TP8LocalHeads*HeadDim*OLoraRank*BF16Bytes+((TP8LocalOGroups*OLoraRank)*(HiddenSize)*FP8Bytes+ROUNDUP((TP8LocalOGroups*OLoraRank)/FP8Block,0)*ROUNDUP((HiddenSize)/FP8Block,0)*ScaleBytes)))+(0)+(0)+(0)+(ShortLayers*(((QLoraRank)*(TP8LocalIndexHeads*IndexHeadDim)*FP8Bytes+ROUNDUP((QLoraRank)/FP8Block,0)*ROUNDUP((TP8LocalIndexHeads*IndexHeadDim)/FP8Block,0)*ScaleBytes)+HiddenSize*TP8LocalIndexHeads*BF16Bytes))+(0)+(ShortLayers*(2*HiddenSize*(2*HeadDim)*FP32Bytes+ShortRatio*2*HeadDim*FP32Bytes+HeadDim*FP32Bytes))+(LongLayers*(2*HiddenSize*HeadDim*FP32Bytes+LongRatio*HeadDim*FP32Bytes+HeadDim*FP32Bytes))+(ShortLayers*(2*HiddenSize*(2*IndexHeadDim)*FP32Bytes+ShortRatio*2*IndexHeadDim*FP32Bytes+IndexHeadDim*FP32Bytes))+(TotalLayers*RoutedExperts*HiddenSize*BF16Bytes+(TotalLayers-ActiveHashLayers)*RoutedExperts*FP32Bytes+ActiveHashLayers*VocabSize*ActivatedExperts*INT32Bytes)+(TotalLayers*TP8LocalExperts*(3*HiddenSize*ExpertInter*FP4Bytes+3*HiddenSize*ExpertInter/FP4Block*ScaleBytes))+(TotalLayers*SharedExperts*(2*((HiddenSize)*(ExpertInter)*FP8Bytes+ROUNDUP((HiddenSize)/FP8Block,0)*ROUNDUP((ExpertInter)/FP8Block,0)*ScaleBytes)+((ExpertInter)*(HiddenSize)*FP8Bytes+ROUNDUP((ExpertInter)/FP8Block,0)*ROUNDUP((HiddenSize)/FP8Block,0)*ScaleBytes)))+((TotalLayers*2*(((2+HCSlots)*HCSlots)*HCSlots*HiddenSize+((2+HCSlots)*HCSlots)+3))*FP32Bytes+(HCSlots*HCSlots*HiddenSize+HCSlots+1)*FP32Bytes)+((TotalLayers*(2*HiddenSize+QLoraRank+HeadDim+TP8LocalHeads))*FP32Bytes+(HiddenSize)*FP32Bytes)+(0)+(TP8LocalVocab*HiddenSize*FP32Bytes)+(0)+(0))+(PrefillBatch*(HeadDim*BF16Bytes*(WindowLayers*WindowSize+ShortLayers*(WindowSize+INT(MaxContext/ShortRatio))+LongLayers*(WindowSize+INT(MaxContext/LongRatio)))+ShortLayers*INT(MaxContext/ShortRatio)*IndexHeadDim*BF16Bytes)+PrefillBatch*FP32Bytes*(ShortLayers*2*(2*ShortRatio)*(2*HeadDim)+LongLayers*2*LongRatio*HeadDim+ShortLayers*2*(2*ShortRatio)*(2*IndexHeadDim))) -> 29581867388 | AI13: =(0)+(PF_Rows*TotalLayers*2*(HiddenSize*QLoraRank+QLoraRank*TP8LocalHeads*HeadDim+HiddenSize*HeadDim+TP8LocalHeads*HeadDim*OLoraRank+TP8LocalOGroups*OLoraRank*HiddenSize))+(4*PrefillBatch*TP8KernelLocalHeads*HeadDim*(WindowLayers*PF_RawPairs))+(4*PrefillBatch*TP8KernelLocalHeads*HeadDim*(ShortLayers*(PF_RawPairs+PF_ShortPairs)))+(4*PrefillBatch*TP8KernelLocalHeads*HeadDim*(LongLayers*(PF_RawPairs+PF_LongPairs)))+(2*PF_Rows*ShortLayers*(QLoraRank*TP8LocalIndexHeads*IndexHeadDim+HiddenSize*TP8LocalIndexHeads))+(2*PrefillBatch*ShortLayers*TP8LocalIndexHeads*IndexHeadDim*PF_IndexPairs)+(PF_Rows*ShortLayers*8*HiddenSize*HeadDim)+(PF_Rows*LongLayers*4*HiddenSize*HeadDim)+(PF_Rows*ShortLayers*8*HiddenSize*IndexHeadDim)+(2*PF_Rows*TotalLayers*HiddenSize*RoutedExperts)+(PF_Rows*TotalLayers*(ActivatedExperts/TP8Size)*6*HiddenSize*ExpertInter)+(PF_Rows*TotalLayers*SharedExperts*6*HiddenSize*ExpertInter)+(TotalLayers*2*(2*PF_Rows*HCSlots*HiddenSize*((2+HCSlots)*HCSlots)+PF_Rows*(2*HCSlots*HiddenSize+1)+PF_Rows*HiddenSize*(2*HCSlots-1)+PF_Rows*HCSlots*HiddenSize*(2*HCSlots+1))+2*PF_Rows*HCSlots*HiddenSize*HCSlots+PF_Rows*(2*HCSlots*HiddenSize+1)+PF_Rows*HiddenSize*(2*HCSlots-1))+(PF_Rows*TotalLayers*2*(4*HiddenSize+1)+PF_Rows*(4*HiddenSize+1))+(0)+(2*PrefillBatch*HiddenSize*TP8LocalVocab)+(0)+(0) -> 55652568907776 | AJ13: =((PF_Rows*HiddenSize*BF16Bytes)+(PF_Rows*HiddenSize*BF16Bytes))+((TotalLayers*(((HiddenSize)*(QLoraRank)*FP8Bytes+ROUNDUP((HiddenSize)/FP8Block,0)*ROUNDUP((QLoraRank)/FP8Block,0)*ScaleBytes)+((QLoraRank)*(TP8LocalHeads*HeadDim)*FP8Bytes+ROUNDUP((QLoraRank)/FP8Block,0)*ROUNDUP((TP8LocalHeads*HeadDim)/FP8Block,0)*ScaleBytes)+((HiddenSize)*(HeadDim)*FP8Bytes+ROUNDUP((HiddenSize)/FP8Block,0)*ROUNDUP((HeadDim)/FP8Block,0)*ScaleBytes)+TP8LocalHeads*HeadDim*OLoraRank*BF16Bytes+((TP8LocalOGroups*OLoraRank)*(HiddenSize)*FP8Bytes+ROUNDUP((TP8LocalOGroups*OLoraRank)/FP8Block,0)*ROUNDUP((HiddenSize)/FP8Block,0)*ScaleBytes))+PF_Rows*TotalLayers*(2*HiddenSize*BF16Bytes+QLoraRank*BF16Bytes+TP8KernelLocalHeads*HeadDim*BF16Bytes+TP8LocalOGroups*OLoraRank*BF16Bytes))+(PF_Rows*TotalLayers*(QLoraRank+TP8KernelLocalHeads*HeadDim+HeadDim+TP8LocalOGroups*OLoraRank+HiddenSize)*BF16Bytes))+((PF_Rows*WindowLayers*TP8KernelLocalHeads*HeadDim*BF16Bytes+PrefillBatch*(WindowLayers*PF_RawPairs)*HeadDim*BF16Bytes)+(PF_Rows*WindowLayers*TP8KernelLocalHeads*HeadDim*BF16Bytes))+((PF_Rows*ShortLayers*TP8KernelLocalHeads*HeadDim*BF16Bytes+PrefillBatch*(ShortLayers*(PF_RawPairs+PF_ShortPairs))*HeadDim*BF16Bytes)+(PF_Rows*ShortLayers*TP8KernelLocalHeads*HeadDim*BF16Bytes))+((PF_Rows*LongLayers*TP8KernelLocalHeads*HeadDim*BF16Bytes+PrefillBatch*(LongLayers*(PF_RawPairs+PF_LongPairs))*HeadDim*BF16Bytes)+(PF_Rows*LongLayers*TP8KernelLocalHeads*HeadDim*BF16Bytes))+((ShortLayers*(((QLoraRank)*(TP8LocalIndexHeads*IndexHeadDim)*FP8Bytes+ROUNDUP((QLoraRank)/FP8Block,0)*ROUNDUP((TP8LocalIndexHeads*IndexHeadDim)/FP8Block,0)*ScaleBytes)+HiddenSize*TP8LocalIndexHeads*BF16Bytes)+PF_Rows*ShortLayers*(QLoraRank+HiddenSize)*BF16Bytes)+(PF_Rows*ShortLayers*TP8LocalIndexHeads*(IndexHeadDim+1)*BF16Bytes))+((PrefillBatch*ShortLayers*PF_IndexPairs*(IndexHeadDim*BF16Bytes+TP8LocalIndexHeads*BF16Bytes))+(PrefillBatch*ShortLayers*PF_IndexPairs*(TP8LocalIndexHeads*BF16Bytes+FP32Bytes)))+((ShortLayers*(2*HiddenSize*(2*HeadDim)*FP32Bytes+ShortRatio*2*HeadDim*FP32Bytes+HeadDim*FP32Bytes)+PF_Rows*ShortLayers*HiddenSize*FP32Bytes)+(PF_Rows*ShortLayers*4*HeadDim*FP32Bytes))+((LongLayers*(2*HiddenSize*HeadDim*FP32Bytes+LongRatio*HeadDim*FP32Bytes+HeadDim*FP32Bytes)+PF_Rows*LongLayers*HiddenSize*FP32Bytes)+(PF_Rows*LongLayers*2*HeadDim*FP32Bytes))+((ShortLayers*(2*HiddenSize*(2*IndexHeadDim)*FP32Bytes+ShortRatio*2*IndexHeadDim*FP32Bytes+IndexHeadDim*FP32Bytes)+PF_Rows*ShortLayers*HiddenSize*FP32Bytes)+(PF_Rows*ShortLayers*4*IndexHeadDim*FP32Bytes))+((TotalLayers*RoutedExperts*HiddenSize*BF16Bytes+(TotalLayers-ActiveHashLayers)*RoutedExperts*FP32Bytes+PF_Rows*TotalLayers*HiddenSize*BF16Bytes+PF_Rows*ActiveHashLayers*ActivatedExperts*INT32Bytes)+(PF_Rows*TotalLayers*RoutedExperts*FP32Bytes))+((TotalLayers*TP8LocalExperts*PF_ExpertActiveProbability*(3*HiddenSize*ExpertInter*FP4Bytes+3*HiddenSize*ExpertInter/FP4Block*ScaleBytes)+PF_Rows*TotalLayers*(ActivatedExperts/TP8Size)*HiddenSize*BF16Bytes)+(PF_Rows*TotalLayers*(ActivatedExperts/TP8Size)*HiddenSize*BF16Bytes))+((TotalLayers*SharedExperts*(2*((HiddenSize)*(ExpertInter)*FP8Bytes+ROUNDUP((HiddenSize)/FP8Block,0)*ROUNDUP((ExpertInter)/FP8Block,0)*ScaleBytes)+((ExpertInter)*(HiddenSize)*FP8Bytes+ROUNDUP((ExpertInter)/FP8Block,0)*ROUNDUP((HiddenSize)/FP8Block,0)*ScaleBytes))+PF_Rows*TotalLayers*SharedExperts*HiddenSize*BF16Bytes)+(PF_Rows*TotalLayers*SharedExperts*HiddenSize*BF16Bytes))+((TotalLayers*2*((2+HCSlots)*HCSlots*HCSlots*HiddenSize*FP32Bytes+((2+HCSlots)*HCSlots+3)*FP32Bytes)+PF_Rows*TotalLayers*4*HCSlots*HiddenSize*BF16Bytes+(HCSlots*HCSlots*HiddenSize+HCSlots+1)*FP32Bytes+PF_Rows*HCSlots*HiddenSize*BF16Bytes)+(PF_Rows*TotalLayers*4*HCSlots*HiddenSize*BF16Bytes+PF_Rows*HiddenSize*BF16Bytes))+((TotalLayers*(2*HiddenSize+QLoraRank+HeadDim+TP8LocalHeads)*FP32Bytes+HiddenSize*FP32Bytes+PF_Rows*TotalLayers*2*HiddenSize*BF16Bytes+PF_Rows*HiddenSize*BF16Bytes)+(PF_Rows*TotalLayers*2*HiddenSize*BF16Bytes+PF_Rows*HiddenSize*BF16Bytes))+((0)+(0))+((TP8LocalVocab*HiddenSize*FP32Bytes+PrefillBatch*HiddenSize*FP32Bytes)+(PrefillBatch*TP8LocalVocab*FP32Bytes))+((0)+(0))+((0)+(0)) -> 369337880060 | AK13: =(4*(TP1Size-1)/TP1Size*PF_Rows*HiddenSize*BF16Bytes)+(0)+(0)+(0)+(0)+(0)+(0)+(0)+(0)+(0)+(0)+(0)+(0)+(0)+(0)+(0)+(2*(TP1Size-1)*PrefillBatch*TP1LocalVocab*FP32Bytes)+(4*(TP1Size-1)/TP1Size*PF_Rows*HiddenSize*FP32Bytes*TotalLayers)+(4*(TP1Size-1)/TP1Size*PF_Rows*HiddenSize*FP32Bytes*TotalLayers) -> 0 | AL13: =(4*(TP8Size-1)/TP8Size*PF_Rows*HiddenSize*BF16Bytes)+(0)+(0)+(0)+(0)+(0)+(0)+(0)+(0)+(0)+(0)+(0)+(0)+(0)+(0)+(0)+(2*(TP8Size-1)*PrefillBatch*TP8LocalVocab*FP32Bytes)+(4*(TP8Size-1)/TP8Size*PF_Rows*HiddenSize*FP32Bytes*TotalLayers)+(4*(TP8Size-1)/TP8Size*PF_Rows*HiddenSize*FP32Bytes*TotalLayers) -> 40635322112
A14: Attention | B14: =TEXT(IF(ABS(AE14)>=1E12,AE14/1E12,IF(ABS(AE14)>=1E9,AE14/1E9,IF(ABS(AE14)>=1E6,AE14/1E6,IF(ABS(AE14)>=1E3,AE14/1E3,AE14)))),"#,##0.000")&IF((IF(ABS(AE14)>=1E12,"TB",IF(ABS(AE14)>=1E9,"GB",IF(ABS(AE14)>=1E6,"MB",IF(ABS(AE14)>=1E3,"KB","bytes")))))="",""," "&(IF(ABS(AE14)>=1E12,"TB",IF(ABS(AE14)>=1E9,"GB",IF(ABS(AE14)>=1E6,"MB",IF(ABS(AE14)>=1E3,"KB","bytes")))))) -> 7.451 GB | C14: =TEXT(IF(ABS(AF14)>=1E15,AF14/1E15,IF(ABS(AF14)>=1E12,AF14/1E12,IF(ABS(AF14)>=1E9,AF14/1E9,IF(ABS(AF14)>=1E6,AF14/1E6,AF14)))),"#,##0.000")&IF((IF(ABS(AF14)>=1E15,"PFLOPs",IF(ABS(AF14)>=1E12,"TFLOPs",IF(ABS(AF14)>=1E9,"GFLOPs",IF(ABS(AF14)>=1E6,"MFLOPs","flops")))))="",""," "&(IF(ABS(AF14)>=1E15,"PFLOPs",IF(ABS(AF14)>=1E12,"TFLOPs",IF(ABS(AF14)>=1E9,"GFLOPs",IF(ABS(AF14)>=1E6,"MFLOPs","flops")))))) -> 102.836 TFLOPs | D14: =TEXT(IF(ABS(AK14)>=1E12,AK14/1E12,IF(ABS(AK14)>=1E9,AK14/1E9,IF(ABS(AK14)>=1E6,AK14/1E6,IF(ABS(AK14)>=1E3,AK14/1E3,AK14)))),"#,##0.000")&IF((IF(ABS(AK14)>=1E12,"TB",IF(ABS(AK14)>=1E9,"GB",IF(ABS(AK14)>=1E6,"MB",IF(ABS(AK14)>=1E3,"KB","bytes")))))="",""," "&(IF(ABS(AK14)>=1E12,"TB",IF(ABS(AK14)>=1E9,"GB",IF(ABS(AK14)>=1E6,"MB",IF(ABS(AK14)>=1E3,"KB","bytes")))))) -> 0.000 B | E14: =TEXT(IF(ABS(AH14)>=1E12,AH14/1E12,IF(ABS(AH14)>=1E9,AH14/1E9,IF(ABS(AH14)>=1E6,AH14/1E6,IF(ABS(AH14)>=1E3,AH14/1E3,AH14)))),"#,##0.000")&IF((IF(ABS(AH14)>=1E12,"TB",IF(ABS(AH14)>=1E9,"GB",IF(ABS(AH14)>=1E6,"MB",IF(ABS(AH14)>=1E3,"KB","bytes")))))="",""," "&(IF(ABS(AH14)>=1E12,"TB",IF(ABS(AH14)>=1E9,"GB",IF(ABS(AH14)>=1E6,"MB",IF(ABS(AH14)>=1E3,"KB","bytes")))))) -> 2.238 GB | F14: =TEXT(IF(ABS(AI14)>=1E15,AI14/1E15,IF(ABS(AI14)>=1E12,AI14/1E12,IF(ABS(AI14)>=1E9,AI14/1E9,IF(ABS(AI14)>=1E6,AI14/1E6,AI14)))),"#,##0.000")&IF((IF(ABS(AI14)>=1E15,"PFLOPs",IF(ABS(AI14)>=1E12,"TFLOPs",IF(ABS(AI14)>=1E9,"GFLOPs",IF(ABS(AI14)>=1E6,"MFLOPs","flops")))))="",""," "&(IF(ABS(AI14)>=1E15,"PFLOPs",IF(ABS(AI14)>=1E12,"TFLOPs",IF(ABS(AI14)>=1E9,"GFLOPs",IF(ABS(AI14)>=1E6,"MFLOPs","flops")))))) -> 23.172 TFLOPs | G14: =TEXT(IF(ABS(AL14)>=1E12,AL14/1E12,IF(ABS(AL14)>=1E9,AL14/1E9,IF(ABS(AL14)>=1E6,AL14/1E6,IF(ABS(AL14)>=1E3,AL14/1E3,AL14)))),"#,##0.000")&IF((IF(ABS(AL14)>=1E12,"TB",IF(ABS(AL14)>=1E9,"GB",IF(ABS(AL14)>=1E6,"MB",IF(ABS(AL14)>=1E3,"KB","bytes")))))="",""," "&(IF(ABS(AL14)>=1E12,"TB",IF(ABS(AL14)>=1E9,"GB",IF(ABS(AL14)>=1E6,"MB",IF(ABS(AL14)>=1E3,"KB","bytes")))))) -> 20.200 GB | H14: FP8 / BF16 / FP32 | I14: BF16 / FP32 | J14: Window + short/long + Indexer；分类容量为 Attention 静态参数；缓存明细在下表。 | AE14: =(TotalLayers*(((HiddenSize)*(QLoraRank)*FP8Bytes+ROUNDUP((HiddenSize)/FP8Block,0)*ROUNDUP((QLoraRank)/FP8Block,0)*ScaleBytes)+((QLoraRank)*(TP1LocalHeads*HeadDim)*FP8Bytes+ROUNDUP((QLoraRank)/FP8Block,0)*ROUNDUP((TP1LocalHeads*HeadDim)/FP8Block,0)*ScaleBytes)+((HiddenSize)*(HeadDim)*FP8Bytes+ROUNDUP((HiddenSize)/FP8Block,0)*ROUNDUP((HeadDim)/FP8Block,0)*ScaleBytes)+TP1LocalHeads*HeadDim*OLoraRank*BF16Bytes+((TP1LocalOGroups*OLoraRank)*(HiddenSize)*FP8Bytes+ROUNDUP((TP1LocalOGroups*OLoraRank)/FP8Block,0)*ROUNDUP((HiddenSize)/FP8Block,0)*ScaleBytes)))+(0)+(0)+(0)+(ShortLayers*(((QLoraRank)*(TP1LocalIndexHeads*IndexHeadDim)*FP8Bytes+ROUNDUP((QLoraRank)/FP8Block,0)*ROUNDUP((TP1LocalIndexHeads*IndexHeadDim)/FP8Block,0)*ScaleBytes)+HiddenSize*TP1LocalIndexHeads*BF16Bytes))+(0)+(ShortLayers*(2*HiddenSize*(2*HeadDim)*FP32Bytes+ShortRatio*2*HeadDim*FP32Bytes+HeadDim*FP32Bytes))+(LongLayers*(2*HiddenSize*HeadDim*FP32Bytes+LongRatio*HeadDim*FP32Bytes+HeadDim*FP32Bytes))+(ShortLayers*(2*HiddenSize*(2*IndexHeadDim)*FP32Bytes+ShortRatio*2*IndexHeadDim*FP32Bytes+IndexHeadDim*FP32Bytes))+(0) -> 7451384960 | AF14: =(PF_Rows*TotalLayers*2*(HiddenSize*QLoraRank+QLoraRank*TP1LocalHeads*HeadDim+HiddenSize*HeadDim+TP1LocalHeads*HeadDim*OLoraRank+TP1LocalOGroups*OLoraRank*HiddenSize))+(4*PrefillBatch*TP1KernelLocalHeads*HeadDim*(WindowLayers*PF_RawPairs))+(4*PrefillBatch*TP1KernelLocalHeads*HeadDim*(ShortLayers*(PF_RawPairs+PF_ShortPairs)))+(4*PrefillBatch*TP1KernelLocalHeads*HeadDim*(LongLayers*(PF_RawPairs+PF_LongPairs)))+(2*PF_Rows*ShortLayers*(QLoraRank*TP1LocalIndexHeads*IndexHeadDim+HiddenSize*TP1LocalIndexHeads))+(2*PrefillBatch*ShortLayers*TP1LocalIndexHeads*IndexHeadDim*PF_IndexPairs)+(PF_Rows*ShortLayers*8*HiddenSize*HeadDim)+(PF_Rows*LongLayers*4*HiddenSize*HeadDim)+(PF_Rows*ShortLayers*8*HiddenSize*IndexHeadDim)+(0) -> 102836037746688 | AG14: =((TotalLayers*(((HiddenSize)*(QLoraRank)*FP8Bytes+ROUNDUP((HiddenSize)/FP8Block,0)*ROUNDUP((QLoraRank)/FP8Block,0)*ScaleBytes)+((QLoraRank)*(TP1LocalHeads*HeadDim)*FP8Bytes+ROUNDUP((QLoraRank)/FP8Block,0)*ROUNDUP((TP1LocalHeads*HeadDim)/FP8Block,0)*ScaleBytes)+((HiddenSize)*(HeadDim)*FP8Bytes+ROUNDUP((HiddenSize)/FP8Block,0)*ROUNDUP((HeadDim)/FP8Block,0)*ScaleBytes)+TP1LocalHeads*HeadDim*OLoraRank*BF16Bytes+((TP1LocalOGroups*OLoraRank)*(HiddenSize)*FP8Bytes+ROUNDUP((TP1LocalOGroups*OLoraRank)/FP8Block,0)*ROUNDUP((HiddenSize)/FP8Block,0)*ScaleBytes))+PF_Rows*TotalLayers*(2*HiddenSize*BF16Bytes+QLoraRank*BF16Bytes+TP1KernelLocalHeads*HeadDim*BF16Bytes+TP1LocalOGroups*OLoraRank*BF16Bytes))+(PF_Rows*TotalLayers*(QLoraRank+TP1KernelLocalHeads*HeadDim+HeadDim+TP1LocalOGroups*OLoraRank+HiddenSize)*BF16Bytes))+((PF_Rows*WindowLayers*TP1KernelLocalHeads*HeadDim*BF16Bytes+PrefillBatch*(WindowLayers*PF_RawPairs)*HeadDim*BF16Bytes)+(PF_Rows*WindowLayers*TP1KernelLocalHeads*HeadDim*BF16Bytes))+((PF_Rows*ShortLayers*TP1KernelLocalHeads*HeadDim*BF16Bytes+PrefillBatch*(ShortLayers*(PF_RawPairs+PF_ShortPairs))*HeadDim*BF16Bytes)+(PF_Rows*ShortLayers*TP1KernelLocalHeads*HeadDim*BF16Bytes))+((PF_Rows*LongLayers*TP1KernelLocalHeads*HeadDim*BF16Bytes+PrefillBatch*(LongLayers*(PF_RawPairs+PF_LongPairs))*HeadDim*BF16Bytes)+(PF_Rows*LongLayers*TP1KernelLocalHeads*HeadDim*BF16Bytes))+((ShortLayers*(((QLoraRank)*(TP1LocalIndexHeads*IndexHeadDim)*FP8Bytes+ROUNDUP((QLoraRank)/FP8Block,0)*ROUNDUP((TP1LocalIndexHeads*IndexHeadDim)/FP8Block,0)*ScaleBytes)+HiddenSize*TP1LocalIndexHeads*BF16Bytes)+PF_Rows*ShortLayers*(QLoraRank+HiddenSize)*BF16Bytes)+(PF_Rows*ShortLayers*TP1LocalIndexHeads*(IndexHeadDim+1)*BF16Bytes))+((PrefillBatch*ShortLayers*PF_IndexPairs*(IndexHeadDim*BF16Bytes+TP1LocalIndexHeads*BF16Bytes))+(PrefillBatch*ShortLayers*PF_IndexPairs*(TP1LocalIndexHeads*BF16Bytes+FP32Bytes)))+((ShortLayers*(2*HiddenSize*(2*HeadDim)*FP32Bytes+ShortRatio*2*HeadDim*FP32Bytes+HeadDim*FP32Bytes)+PF_Rows*ShortLayers*HiddenSize*FP32Bytes)+(PF_Rows*ShortLayers*4*HeadDim*FP32Bytes))+((LongLayers*(2*HiddenSize*HeadDim*FP32Bytes+LongRatio*HeadDim*FP32Bytes+HeadDim*FP32Bytes)+PF_Rows*LongLayers*HiddenSize*FP32Bytes)+(PF_Rows*LongLayers*2*HeadDim*FP32Bytes))+((ShortLayers*(2*HiddenSize*(2*IndexHeadDim)*FP32Bytes+ShortRatio*2*IndexHeadDim*FP32Bytes+IndexHeadDim*FP32Bytes)+PF_Rows*ShortLayers*HiddenSize*FP32Bytes)+(PF_Rows*ShortLayers*4*IndexHeadDim*FP32Bytes))+((0)+(0)) -> 358037814400 | AH14: =(TotalLayers*(((HiddenSize)*(QLoraRank)*FP8Bytes+ROUNDUP((HiddenSize)/FP8Block,0)*ROUNDUP((QLoraRank)/FP8Block,0)*ScaleBytes)+((QLoraRank)*(TP8LocalHeads*HeadDim)*FP8Bytes+ROUNDUP((QLoraRank)/FP8Block,0)*ROUNDUP((TP8LocalHeads*HeadDim)/FP8Block,0)*ScaleBytes)+((HiddenSize)*(HeadDim)*FP8Bytes+ROUNDUP((HiddenSize)/FP8Block,0)*ROUNDUP((HeadDim)/FP8Block,0)*ScaleBytes)+TP8LocalHeads*HeadDim*OLoraRank*BF16Bytes+((TP8LocalOGroups*OLoraRank)*(HiddenSize)*FP8Bytes+ROUNDUP((TP8LocalOGroups*OLoraRank)/FP8Block,0)*ROUNDUP((HiddenSize)/FP8Block,0)*ScaleBytes)))+(0)+(0)+(0)+(ShortLayers*(((QLoraRank)*(TP8LocalIndexHeads*IndexHeadDim)*FP8Bytes+ROUNDUP((QLoraRank)/FP8Block,0)*ROUNDUP((TP8LocalIndexHeads*IndexHeadDim)/FP8Block,0)*ScaleBytes)+HiddenSize*TP8LocalIndexHeads*BF16Bytes))+(0)+(ShortLayers*(2*HiddenSize*(2*HeadDim)*FP32Bytes+ShortRatio*2*HeadDim*FP32Bytes+HeadDim*FP32Bytes))+(LongLayers*(2*HiddenSize*HeadDim*FP32Bytes+LongRatio*HeadDim*FP32Bytes+HeadDim*FP32Bytes))+(ShortLayers*(2*HiddenSize*(2*IndexHeadDim)*FP32Bytes+ShortRatio*2*IndexHeadDim*FP32Bytes+IndexHeadDim*FP32Bytes))+(0) -> 2237504960 | AI14: =(PF_Rows*TotalLayers*2*(HiddenSize*QLoraRank+QLoraRank*TP8LocalHeads*HeadDim+HiddenSize*HeadDim+TP8LocalHeads*HeadDim*OLoraRank+TP8LocalOGroups*OLoraRank*HiddenSize))+(4*PrefillBatch*TP8KernelLocalHeads*HeadDim*(WindowLayers*PF_RawPairs))+(4*PrefillBatch*TP8KernelLocalHeads*HeadDim*(ShortLayers*(PF_RawPairs+PF_ShortPairs)))+(4*PrefillBatch*TP8KernelLocalHeads*HeadDim*(LongLayers*(PF_RawPairs+PF_LongPairs)))+(2*PF_Rows*ShortLayers*(QLoraRank*TP8LocalIndexHeads*IndexHeadDim+HiddenSize*TP8LocalIndexHeads))+(2*PrefillBatch*ShortLayers*TP8LocalIndexHeads*IndexHeadDim*PF_IndexPairs)+(PF_Rows*ShortLayers*8*HiddenSize*HeadDim)+(PF_Rows*LongLayers*4*HiddenSize*HeadDim)+(PF_Rows*ShortLayers*8*HiddenSize*IndexHeadDim)+(0) -> 23172382457856 | AJ14: =((TotalLayers*(((HiddenSize)*(QLoraRank)*FP8Bytes+ROUNDUP((HiddenSize)/FP8Block,0)*ROUNDUP((QLoraRank)/FP8Block,0)*ScaleBytes)+((QLoraRank)*(TP8LocalHeads*HeadDim)*FP8Bytes+ROUNDUP((QLoraRank)/FP8Block,0)*ROUNDUP((TP8LocalHeads*HeadDim)/FP8Block,0)*ScaleBytes)+((HiddenSize)*(HeadDim)*FP8Bytes+ROUNDUP((HiddenSize)/FP8Block,0)*ROUNDUP((HeadDim)/FP8Block,0)*ScaleBytes)+TP8LocalHeads*HeadDim*OLoraRank*BF16Bytes+((TP8LocalOGroups*OLoraRank)*(HiddenSize)*FP8Bytes+ROUNDUP((TP8LocalOGroups*OLoraRank)/FP8Block,0)*ROUNDUP((HiddenSize)/FP8Block,0)*ScaleBytes))+PF_Rows*TotalLayers*(2*HiddenSize*BF16Bytes+QLoraRank*BF16Bytes+TP8KernelLocalHeads*HeadDim*BF16Bytes+TP8LocalOGroups*OLoraRank*BF16Bytes))+(PF_Rows*TotalLayers*(QLoraRank+TP8KernelLocalHeads*HeadDim+HeadDim+TP8LocalOGroups*OLoraRank+HiddenSize)*BF16Bytes))+((PF_Rows*WindowLayers*TP8KernelLocalHeads*HeadDim*BF16Bytes+PrefillBatch*(WindowLayers*PF_RawPairs)*HeadDim*BF16Bytes)+(PF_Rows*WindowLayers*TP8KernelLocalHeads*HeadDim*BF16Bytes))+((PF_Rows*ShortLayers*TP8KernelLocalHeads*HeadDim*BF16Bytes+PrefillBatch*(ShortLayers*(PF_RawPairs+PF_ShortPairs))*HeadDim*BF16Bytes)+(PF_Rows*ShortLayers*TP8KernelLocalHeads*HeadDim*BF16Bytes))+((PF_Rows*LongLayers*TP8KernelLocalHeads*HeadDim*BF16Bytes+PrefillBatch*(LongLayers*(PF_RawPairs+PF_LongPairs))*HeadDim*BF16Bytes)+(PF_Rows*LongLayers*TP8KernelLocalHeads*HeadDim*BF16Bytes))+((ShortLayers*(((QLoraRank)*(TP8LocalIndexHeads*IndexHeadDim)*FP8Bytes+ROUNDUP((QLoraRank)/FP8Block,0)*ROUNDUP((TP8LocalIndexHeads*IndexHeadDim)/FP8Block,0)*ScaleBytes)+HiddenSize*TP8LocalIndexHeads*BF16Bytes)+PF_Rows*ShortLayers*(QLoraRank+HiddenSize)*BF16Bytes)+(PF_Rows*ShortLayers*TP8LocalIndexHeads*(IndexHeadDim+1)*BF16Bytes))+((PrefillBatch*ShortLayers*PF_IndexPairs*(IndexHeadDim*BF16Bytes+TP8LocalIndexHeads*BF16Bytes))+(PrefillBatch*ShortLayers*PF_IndexPairs*(TP8LocalIndexHeads*BF16Bytes+FP32Bytes)))+((ShortLayers*(2*HiddenSize*(2*HeadDim)*FP32Bytes+ShortRatio*2*HeadDim*FP32Bytes+HeadDim*FP32Bytes)+PF_Rows*ShortLayers*HiddenSize*FP32Bytes)+(PF_Rows*ShortLayers*4*HeadDim*FP32Bytes))+((LongLayers*(2*HiddenSize*HeadDim*FP32Bytes+LongRatio*HeadDim*FP32Bytes+HeadDim*FP32Bytes)+PF_Rows*LongLayers*HiddenSize*FP32Bytes)+(PF_Rows*LongLayers*2*HeadDim*FP32Bytes))+((ShortLayers*(2*HiddenSize*(2*IndexHeadDim)*FP32Bytes+ShortRatio*2*IndexHeadDim*FP32Bytes+IndexHeadDim*FP32Bytes)+PF_Rows*ShortLayers*HiddenSize*FP32Bytes)+(PF_Rows*ShortLayers*4*IndexHeadDim*FP32Bytes))+((0)+(0)) -> 231531806144 | AK14: =(0)+(0)+(0)+(0)+(0)+(0)+(0)+(0)+(0)+(4*(TP1Size-1)/TP1Size*PF_Rows*HiddenSize*FP32Bytes*TotalLayers) -> 0 | AL14: =(0)+(0)+(0)+(0)+(0)+(0)+(0)+(0)+(0)+(4*(TP8Size-1)/TP8Size*PF_Rows*HiddenSize*FP32Bytes*TotalLayers) -> 20199768064
A15: MoE | B15: =TEXT(IF(ABS(AE15)>=1E12,AE15/1E12,IF(ABS(AE15)>=1E9,AE15/1E9,IF(ABS(AE15)>=1E6,AE15/1E6,IF(ABS(AE15)>=1E3,AE15/1E3,AE15)))),"#,##0.000")&IF((IF(ABS(AE15)>=1E12,"TB",IF(ABS(AE15)>=1E9,"GB",IF(ABS(AE15)>=1E6,"MB",IF(ABS(AE15)>=1E3,"KB","bytes")))))="",""," "&(IF(ABS(AE15)>=1E12,"TB",IF(ABS(AE15)>=1E9,"GB",IF(ABS(AE15)>=1E6,"MB",IF(ABS(AE15)>=1E3,"KB","bytes")))))) -> 148.351 GB | C15: =TEXT(IF(ABS(AF15)>=1E15,AF15/1E15,IF(ABS(AF15)>=1E12,AF15/1E12,IF(ABS(AF15)>=1E9,AF15/1E9,IF(ABS(AF15)>=1E6,AF15/1E6,AF15)))),"#,##0.000")&IF((IF(ABS(AF15)>=1E15,"PFLOPs",IF(ABS(AF15)>=1E12,"TFLOPs",IF(ABS(AF15)>=1E9,"GFLOPs",IF(ABS(AF15)>=1E6,"MFLOPs","flops")))))="",""," "&(IF(ABS(AF15)>=1E15,"PFLOPs",IF(ABS(AF15)>=1E12,"TFLOPs",IF(ABS(AF15)>=1E9,"GFLOPs",IF(ABS(AF15)>=1E6,"MFLOPs","flops")))))) -> 124.846 TFLOPs | D15: =TEXT(IF(ABS(AK15)>=1E12,AK15/1E12,IF(ABS(AK15)>=1E9,AK15/1E9,IF(ABS(AK15)>=1E6,AK15/1E6,IF(ABS(AK15)>=1E3,AK15/1E3,AK15)))),"#,##0.000")&IF((IF(ABS(AK15)>=1E12,"TB",IF(ABS(AK15)>=1E9,"GB",IF(ABS(AK15)>=1E6,"MB",IF(ABS(AK15)>=1E3,"KB","bytes")))))="",""," "&(IF(ABS(AK15)>=1E12,"TB",IF(ABS(AK15)>=1E9,"GB",IF(ABS(AK15)>=1E6,"MB",IF(ABS(AK15)>=1E3,"KB","bytes")))))) -> 0.000 B | E15: =TEXT(IF(ABS(AH15)>=1E12,AH15/1E12,IF(ABS(AH15)>=1E9,AH15/1E9,IF(ABS(AH15)>=1E6,AH15/1E6,IF(ABS(AH15)>=1E3,AH15/1E3,AH15)))),"#,##0.000")&IF((IF(ABS(AH15)>=1E12,"TB",IF(ABS(AH15)>=1E9,"GB",IF(ABS(AH15)>=1E6,"MB",IF(ABS(AH15)>=1E3,"KB","bytes")))))="",""," "&(IF(ABS(AH15)>=1E12,"TB",IF(ABS(AH15)>=1E9,"GB",IF(ABS(AH15)>=1E6,"MB",IF(ABS(AH15)>=1E3,"KB","bytes")))))) -> 19.578 GB | F15: =TEXT(IF(ABS(AI15)>=1E15,AI15/1E15,IF(ABS(AI15)>=1E12,AI15/1E12,IF(ABS(AI15)>=1E9,AI15/1E9,IF(ABS(AI15)>=1E6,AI15/1E6,AI15)))),"#,##0.000")&IF((IF(ABS(AI15)>=1E15,"PFLOPs",IF(ABS(AI15)>=1E12,"TFLOPs",IF(ABS(AI15)>=1E9,"GFLOPs",IF(ABS(AI15)>=1E6,"MFLOPs","flops")))))="",""," "&(IF(ABS(AI15)>=1E15,"PFLOPs",IF(ABS(AI15)>=1E12,"TFLOPs",IF(ABS(AI15)>=1E9,"GFLOPs",IF(ABS(AI15)>=1E6,"MFLOPs","flops")))))) -> 31.766 TFLOPs | G15: =TEXT(IF(ABS(AL15)>=1E12,AL15/1E12,IF(ABS(AL15)>=1E9,AL15/1E9,IF(ABS(AL15)>=1E6,AL15/1E6,IF(ABS(AL15)>=1E3,AL15/1E3,AL15)))),"#,##0.000")&IF((IF(ABS(AL15)>=1E12,"TB",IF(ABS(AL15)>=1E9,"GB",IF(ABS(AL15)>=1E6,"MB",IF(ABS(AL15)>=1E3,"KB","bytes")))))="",""," "&(IF(ABS(AL15)>=1E12,"TB",IF(ABS(AL15)>=1E9,"GB",IF(ABS(AL15)>=1E6,"MB",IF(ABS(AL15)>=1E3,"KB","bytes")))))) -> 20.200 GB | H15: FP4 / FP8 / BF16 / FP32 / INT32 | I15: BF16 / FP32 / INT32 | J15: All active layers；路由专家、共享专家和 Router。 | AE15: =(TotalLayers*RoutedExperts*HiddenSize*BF16Bytes+(TotalLayers-ActiveHashLayers)*RoutedExperts*FP32Bytes+ActiveHashLayers*VocabSize*ActivatedExperts*INT32Bytes)+(TotalLayers*TP1LocalExperts*(3*HiddenSize*ExpertInter*FP4Bytes+3*HiddenSize*ExpertInter/FP4Block*ScaleBytes))+(TotalLayers*SharedExperts*(2*((HiddenSize)*(ExpertInter)*FP8Bytes+ROUNDUP((HiddenSize)/FP8Block,0)*ROUNDUP((ExpertInter)/FP8Block,0)*ScaleBytes)+((ExpertInter)*(HiddenSize)*FP8Bytes+ROUNDUP((ExpertInter)/FP8Block,0)*ROUNDUP((HiddenSize)/FP8Block,0)*ScaleBytes)))+(0) -> 148351461888 | AF15: =(2*PF_Rows*TotalLayers*HiddenSize*RoutedExperts)+(PF_Rows*TotalLayers*(ActivatedExperts/TP1Size)*6*HiddenSize*ExpertInter)+(PF_Rows*TotalLayers*SharedExperts*6*HiddenSize*ExpertInter)+(0) -> 124846109360128 | AG15: =((TotalLayers*RoutedExperts*HiddenSize*BF16Bytes+(TotalLayers-ActiveHashLayers)*RoutedExperts*FP32Bytes+PF_Rows*TotalLayers*HiddenSize*BF16Bytes+PF_Rows*ActiveHashLayers*ActivatedExperts*INT32Bytes)+(PF_Rows*TotalLayers*RoutedExperts*FP32Bytes))+((TotalLayers*TP1LocalExperts*PF_ExpertActiveProbability*(3*HiddenSize*ExpertInter*FP4Bytes+3*HiddenSize*ExpertInter/FP4Block*ScaleBytes)+PF_Rows*TotalLayers*(ActivatedExperts/TP1Size)*HiddenSize*BF16Bytes)+(PF_Rows*TotalLayers*(ActivatedExperts/TP1Size)*HiddenSize*BF16Bytes))+((TotalLayers*SharedExperts*(2*((HiddenSize)*(ExpertInter)*FP8Bytes+ROUNDUP((HiddenSize)/FP8Block,0)*ROUNDUP((ExpertInter)/FP8Block,0)*ScaleBytes)+((ExpertInter)*(HiddenSize)*FP8Bytes+ROUNDUP((ExpertInter)/FP8Block,0)*ROUNDUP((HiddenSize)/FP8Block,0)*ScaleBytes))+PF_Rows*TotalLayers*SharedExperts*HiddenSize*BF16Bytes)+(PF_Rows*TotalLayers*SharedExperts*HiddenSize*BF16Bytes))+((0)+(0)) -> 191988670976 | AH15: =(TotalLayers*RoutedExperts*HiddenSize*BF16Bytes+(TotalLayers-ActiveHashLayers)*RoutedExperts*FP32Bytes+ActiveHashLayers*VocabSize*ActivatedExperts*INT32Bytes)+(TotalLayers*TP8LocalExperts*(3*HiddenSize*ExpertInter*FP4Bytes+3*HiddenSize*ExpertInter/FP4Block*ScaleBytes))+(TotalLayers*SharedExperts*(2*((HiddenSize)*(ExpertInter)*FP8Bytes+ROUNDUP((HiddenSize)/FP8Block,0)*ROUNDUP((ExpertInter)/FP8Block,0)*ScaleBytes)+((ExpertInter)*(HiddenSize)*FP8Bytes+ROUNDUP((ExpertInter)/FP8Block,0)*ROUNDUP((HiddenSize)/FP8Block,0)*ScaleBytes)))+(0) -> 19577940480 | AI15: =(2*PF_Rows*TotalLayers*HiddenSize*RoutedExperts)+(PF_Rows*TotalLayers*(ActivatedExperts/TP8Size)*6*HiddenSize*ExpertInter)+(PF_Rows*TotalLayers*SharedExperts*6*HiddenSize*ExpertInter)+(0) -> 31765578121216 | AJ15: =((TotalLayers*RoutedExperts*HiddenSize*BF16Bytes+(TotalLayers-ActiveHashLayers)*RoutedExperts*FP32Bytes+PF_Rows*TotalLayers*HiddenSize*BF16Bytes+PF_Rows*ActiveHashLayers*ActivatedExperts*INT32Bytes)+(PF_Rows*TotalLayers*RoutedExperts*FP32Bytes))+((TotalLayers*TP8LocalExperts*PF_ExpertActiveProbability*(3*HiddenSize*ExpertInter*FP4Bytes+3*HiddenSize*ExpertInter/FP4Block*ScaleBytes)+PF_Rows*TotalLayers*(ActivatedExperts/TP8Size)*HiddenSize*BF16Bytes)+(PF_Rows*TotalLayers*(ActivatedExperts/TP8Size)*HiddenSize*BF16Bytes))+((TotalLayers*SharedExperts*(2*((HiddenSize)*(ExpertInter)*FP8Bytes+ROUNDUP((HiddenSize)/FP8Block,0)*ROUNDUP((ExpertInter)/FP8Block,0)*ScaleBytes)+((ExpertInter)*(HiddenSize)*FP8Bytes+ROUNDUP((ExpertInter)/FP8Block,0)*ROUNDUP((HiddenSize)/FP8Block,0)*ScaleBytes))+PF_Rows*TotalLayers*SharedExperts*HiddenSize*BF16Bytes)+(PF_Rows*TotalLayers*SharedExperts*HiddenSize*BF16Bytes))+((0)+(0)) -> 32915497472 | AK15: =(0)+(0)+(0)+(4*(TP1Size-1)/TP1Size*PF_Rows*HiddenSize*FP32Bytes*TotalLayers) -> 0 | AL15: =(0)+(0)+(0)+(4*(TP8Size-1)/TP8Size*PF_Rows*HiddenSize*FP32Bytes*TotalLayers) -> 20199768064
A16: Embedding | B16: =TEXT(IF(ABS(AE16)>=1E12,AE16/1E12,IF(ABS(AE16)>=1E9,AE16/1E9,IF(ABS(AE16)>=1E6,AE16/1E6,IF(ABS(AE16)>=1E3,AE16/1E3,AE16)))),"#,##0.000")&IF((IF(ABS(AE16)>=1E12,"TB",IF(ABS(AE16)>=1E9,"GB",IF(ABS(AE16)>=1E6,"MB",IF(ABS(AE16)>=1E3,"KB","bytes")))))="",""," "&(IF(ABS(AE16)>=1E12,"TB",IF(ABS(AE16)>=1E9,"GB",IF(ABS(AE16)>=1E6,"MB",IF(ABS(AE16)>=1E3,"KB","bytes")))))) -> 1.059 GB | C16: =TEXT(IF(ABS(AF16)>=1E15,AF16/1E15,IF(ABS(AF16)>=1E12,AF16/1E12,IF(ABS(AF16)>=1E9,AF16/1E9,IF(ABS(AF16)>=1E6,AF16/1E6,AF16)))),"#,##0.000")&IF((IF(ABS(AF16)>=1E15,"PFLOPs",IF(ABS(AF16)>=1E12,"TFLOPs",IF(ABS(AF16)>=1E9,"GFLOPs",IF(ABS(AF16)>=1E6,"MFLOPs","flops")))))="",""," "&(IF(ABS(AF16)>=1E15,"PFLOPs",IF(ABS(AF16)>=1E12,"TFLOPs",IF(ABS(AF16)>=1E9,"GFLOPs",IF(ABS(AF16)>=1E6,"MFLOPs","flops")))))) -> 0.000 FLOPs | D16: =TEXT(IF(ABS(AK16)>=1E12,AK16/1E12,IF(ABS(AK16)>=1E9,AK16/1E9,IF(ABS(AK16)>=1E6,AK16/1E6,IF(ABS(AK16)>=1E3,AK16/1E3,AK16)))),"#,##0.000")&IF((IF(ABS(AK16)>=1E12,"TB",IF(ABS(AK16)>=1E9,"GB",IF(ABS(AK16)>=1E6,"MB",IF(ABS(AK16)>=1E3,"KB","bytes")))))="",""," "&(IF(ABS(AK16)>=1E12,"TB",IF(ABS(AK16)>=1E9,"GB",IF(ABS(AK16)>=1E6,"MB",IF(ABS(AK16)>=1E3,"KB","bytes")))))) -> 0.000 B | E16: =TEXT(IF(ABS(AH16)>=1E12,AH16/1E12,IF(ABS(AH16)>=1E9,AH16/1E9,IF(ABS(AH16)>=1E6,AH16/1E6,IF(ABS(AH16)>=1E3,AH16/1E3,AH16)))),"#,##0.000")&IF((IF(ABS(AH16)>=1E12,"TB",IF(ABS(AH16)>=1E9,"GB",IF(ABS(AH16)>=1E6,"MB",IF(ABS(AH16)>=1E3,"KB","bytes")))))="",""," "&(IF(ABS(AH16)>=1E12,"TB",IF(ABS(AH16)>=1E9,"GB",IF(ABS(AH16)>=1E6,"MB",IF(ABS(AH16)>=1E3,"KB","bytes")))))) -> 132.383 MB | F16: =TEXT(IF(ABS(AI16)>=1E15,AI16/1E15,IF(ABS(AI16)>=1E12,AI16/1E12,IF(ABS(AI16)>=1E9,AI16/1E9,IF(ABS(AI16)>=1E6,AI16/1E6,AI16)))),"#,##0.000")&IF((IF(ABS(AI16)>=1E15,"PFLOPs",IF(ABS(AI16)>=1E12,"TFLOPs",IF(ABS(AI16)>=1E9,"GFLOPs",IF(ABS(AI16)>=1E6,"MFLOPs","flops")))))="",""," "&(IF(ABS(AI16)>=1E15,"PFLOPs",IF(ABS(AI16)>=1E12,"TFLOPs",IF(ABS(AI16)>=1E9,"GFLOPs",IF(ABS(AI16)>=1E6,"MFLOPs","flops")))))) -> 0.000 FLOPs | G16: =TEXT(IF(ABS(AL16)>=1E12,AL16/1E12,IF(ABS(AL16)>=1E9,AL16/1E9,IF(ABS(AL16)>=1E6,AL16/1E6,IF(ABS(AL16)>=1E3,AL16/1E3,AL16)))),"#,##0.000")&IF((IF(ABS(AL16)>=1E12,"TB",IF(ABS(AL16)>=1E9,"GB",IF(ABS(AL16)>=1E6,"MB",IF(ABS(AL16)>=1E3,"KB","bytes")))))="",""," "&(IF(ABS(AL16)>=1E12,"TB",IF(ABS(AL16)>=1E9,"GB",IF(ABS(AL16)>=1E6,"MB",IF(ABS(AL16)>=1E3,"KB","bytes")))))) -> 234.881 MB | H16: BF16 | I16: BF16 hidden / residual | J16: Input embedding；词表维度按 TP 分片。 | AE16: =(TP1LocalVocab*HiddenSize*BF16Bytes) -> 1059061760 | AF16: =(0) -> 0 | AG16: =((PF_Rows*HiddenSize*BF16Bytes)+(PF_Rows*HiddenSize*BF16Bytes)) -> 134217728 | AH16: =(TP8LocalVocab*HiddenSize*BF16Bytes) -> 132382720 | AI16: =(0) -> 0 | AJ16: =((PF_Rows*HiddenSize*BF16Bytes)+(PF_Rows*HiddenSize*BF16Bytes)) -> 134217728 | AK16: =(4*(TP1Size-1)/TP1Size*PF_Rows*HiddenSize*BF16Bytes) -> 0 | AL16: =(4*(TP8Size-1)/TP8Size*PF_Rows*HiddenSize*BF16Bytes) -> 234881024
A17: LM Head | B17: =TEXT(IF(ABS(AE17)>=1E12,AE17/1E12,IF(ABS(AE17)>=1E9,AE17/1E9,IF(ABS(AE17)>=1E6,AE17/1E6,IF(ABS(AE17)>=1E3,AE17/1E3,AE17)))),"#,##0.000")&IF((IF(ABS(AE17)>=1E12,"TB",IF(ABS(AE17)>=1E9,"GB",IF(ABS(AE17)>=1E6,"MB",IF(ABS(AE17)>=1E3,"KB","bytes")))))="",""," "&(IF(ABS(AE17)>=1E12,"TB",IF(ABS(AE17)>=1E9,"GB",IF(ABS(AE17)>=1E6,"MB",IF(ABS(AE17)>=1E3,"KB","bytes")))))) -> 2.118 GB | C17: =TEXT(IF(ABS(AF17)>=1E15,AF17/1E15,IF(ABS(AF17)>=1E12,AF17/1E12,IF(ABS(AF17)>=1E9,AF17/1E9,IF(ABS(AF17)>=1E6,AF17/1E6,AF17)))),"#,##0.000")&IF((IF(ABS(AF17)>=1E15,"PFLOPs",IF(ABS(AF17)>=1E12,"TFLOPs",IF(ABS(AF17)>=1E9,"GFLOPs",IF(ABS(AF17)>=1E6,"MFLOPs","flops")))))="",""," "&(IF(ABS(AF17)>=1E15,"PFLOPs",IF(ABS(AF17)>=1E12,"TFLOPs",IF(ABS(AF17)>=1E9,"GFLOPs",IF(ABS(AF17)>=1E6,"MFLOPs","flops")))))) -> 1.059 GFLOPs | D17: =TEXT(IF(ABS(AK17)>=1E12,AK17/1E12,IF(ABS(AK17)>=1E9,AK17/1E9,IF(ABS(AK17)>=1E6,AK17/1E6,IF(ABS(AK17)>=1E3,AK17/1E3,AK17)))),"#,##0.000")&IF((IF(ABS(AK17)>=1E12,"TB",IF(ABS(AK17)>=1E9,"GB",IF(ABS(AK17)>=1E6,"MB",IF(ABS(AK17)>=1E3,"KB","bytes")))))="",""," "&(IF(ABS(AK17)>=1E12,"TB",IF(ABS(AK17)>=1E9,"GB",IF(ABS(AK17)>=1E6,"MB",IF(ABS(AK17)>=1E3,"KB","bytes")))))) -> 0.000 B | E17: =TEXT(IF(ABS(AH17)>=1E12,AH17/1E12,IF(ABS(AH17)>=1E9,AH17/1E9,IF(ABS(AH17)>=1E6,AH17/1E6,IF(ABS(AH17)>=1E3,AH17/1E3,AH17)))),"#,##0.000")&IF((IF(ABS(AH17)>=1E12,"TB",IF(ABS(AH17)>=1E9,"GB",IF(ABS(AH17)>=1E6,"MB",IF(ABS(AH17)>=1E3,"KB","bytes")))))="",""," "&(IF(ABS(AH17)>=1E12,"TB",IF(ABS(AH17)>=1E9,"GB",IF(ABS(AH17)>=1E6,"MB",IF(ABS(AH17)>=1E3,"KB","bytes")))))) -> 264.765 MB | F17: =TEXT(IF(ABS(AI17)>=1E15,AI17/1E15,IF(ABS(AI17)>=1E12,AI17/1E12,IF(ABS(AI17)>=1E9,AI17/1E9,IF(ABS(AI17)>=1E6,AI17/1E6,AI17)))),"#,##0.000")&IF((IF(ABS(AI17)>=1E15,"PFLOPs",IF(ABS(AI17)>=1E12,"TFLOPs",IF(ABS(AI17)>=1E9,"GFLOPs",IF(ABS(AI17)>=1E6,"MFLOPs","flops")))))="",""," "&(IF(ABS(AI17)>=1E15,"PFLOPs",IF(ABS(AI17)>=1E12,"TFLOPs",IF(ABS(AI17)>=1E9,"GFLOPs",IF(ABS(AI17)>=1E6,"MFLOPs","flops")))))) -> 132.383 MFLOPs | G17: =TEXT(IF(ABS(AL17)>=1E12,AL17/1E12,IF(ABS(AL17)>=1E9,AL17/1E9,IF(ABS(AL17)>=1E6,AL17/1E6,IF(ABS(AL17)>=1E3,AL17/1E3,AL17)))),"#,##0.000")&IF((IF(ABS(AL17)>=1E12,"TB",IF(ABS(AL17)>=1E9,"GB",IF(ABS(AL17)>=1E6,"MB",IF(ABS(AL17)>=1E3,"KB","bytes")))))="",""," "&(IF(ABS(AL17)>=1E12,"TB",IF(ABS(AL17)>=1E9,"GB",IF(ABS(AL17)>=1E6,"MB",IF(ABS(AL17)>=1E3,"KB","bytes")))))) -> 904.960 KB | H17: FP32 | I17: FP32 logits | J17: Model tail；词表维度按 TP 分片；Prefill 只计算最后一个 token 的 logits。 | AE17: =(TP1LocalVocab*HiddenSize*FP32Bytes) -> 2118123520 | AF17: =(2*PrefillBatch*HiddenSize*TP1LocalVocab) -> 1059061760 | AG17: =((TP1LocalVocab*HiddenSize*FP32Bytes+PrefillBatch*HiddenSize*FP32Bytes)+(PrefillBatch*TP1LocalVocab*FP32Bytes)) -> 2118657024 | AH17: =(TP8LocalVocab*HiddenSize*FP32Bytes) -> 264765440 | AI17: =(2*PrefillBatch*HiddenSize*TP8LocalVocab) -> 132382720 | AJ17: =((TP8LocalVocab*HiddenSize*FP32Bytes+PrefillBatch*HiddenSize*FP32Bytes)+(PrefillBatch*TP8LocalVocab*FP32Bytes)) -> 264846464 | AK17: =(2*(TP1Size-1)*PrefillBatch*TP1LocalVocab*FP32Bytes) -> 0 | AL17: =(2*(TP8Size-1)*PrefillBatch*TP8LocalVocab*FP32Bytes) -> 904960
A18: Norm | B18: =TEXT(IF(ABS(AE18)>=1E12,AE18/1E12,IF(ABS(AE18)>=1E9,AE18/1E9,IF(ABS(AE18)>=1E6,AE18/1E6,IF(ABS(AE18)>=1E3,AE18/1E3,AE18)))),"#,##0.000")&IF((IF(ABS(AE18)>=1E12,"TB",IF(ABS(AE18)>=1E9,"GB",IF(ABS(AE18)>=1E6,"MB",IF(ABS(AE18)>=1E3,"KB","bytes")))))="",""," "&(IF(ABS(AE18)>=1E12,"TB",IF(ABS(AE18)>=1E9,"GB",IF(ABS(AE18)>=1E6,"MB",IF(ABS(AE18)>=1E3,"KB","bytes")))))) -> 1.701 MB | C18: =TEXT(IF(ABS(AF18)>=1E15,AF18/1E15,IF(ABS(AF18)>=1E12,AF18/1E12,IF(ABS(AF18)>=1E9,AF18/1E9,IF(ABS(AF18)>=1E6,AF18/1E6,AF18)))),"#,##0.000")&IF((IF(ABS(AF18)>=1E15,"PFLOPs",IF(ABS(AF18)>=1E12,"TFLOPs",IF(ABS(AF18)>=1E9,"GFLOPs",IF(ABS(AF18)>=1E6,"MFLOPs","flops")))))="",""," "&(IF(ABS(AF18)>=1E15,"PFLOPs",IF(ABS(AF18)>=1E12,"TFLOPs",IF(ABS(AF18)>=1E9,"GFLOPs",IF(ABS(AF18)>=1E6,"MFLOPs","flops")))))) -> 11.678 GFLOPs | D18: =TEXT(IF(ABS(AK18)>=1E12,AK18/1E12,IF(ABS(AK18)>=1E9,AK18/1E9,IF(ABS(AK18)>=1E6,AK18/1E6,IF(ABS(AK18)>=1E3,AK18/1E3,AK18)))),"#,##0.000")&IF((IF(ABS(AK18)>=1E12,"TB",IF(ABS(AK18)>=1E9,"GB",IF(ABS(AK18)>=1E6,"MB",IF(ABS(AK18)>=1E3,"KB","bytes")))))="",""," "&(IF(ABS(AK18)>=1E12,"TB",IF(ABS(AK18)>=1E9,"GB",IF(ABS(AK18)>=1E6,"MB",IF(ABS(AK18)>=1E3,"KB","bytes")))))) -> 0.000 B | E18: =TEXT(IF(ABS(AH18)>=1E12,AH18/1E12,IF(ABS(AH18)>=1E9,AH18/1E9,IF(ABS(AH18)>=1E6,AH18/1E6,IF(ABS(AH18)>=1E3,AH18/1E3,AH18)))),"#,##0.000")&IF((IF(ABS(AH18)>=1E12,"TB",IF(ABS(AH18)>=1E9,"GB",IF(ABS(AH18)>=1E6,"MB",IF(ABS(AH18)>=1E3,"KB","bytes")))))="",""," "&(IF(ABS(AH18)>=1E12,"TB",IF(ABS(AH18)>=1E9,"GB",IF(ABS(AH18)>=1E6,"MB",IF(ABS(AH18)>=1E3,"KB","bytes")))))) -> 1.691 MB | F18: =TEXT(IF(ABS(AI18)>=1E15,AI18/1E15,IF(ABS(AI18)>=1E12,AI18/1E12,IF(ABS(AI18)>=1E9,AI18/1E9,IF(ABS(AI18)>=1E6,AI18/1E6,AI18)))),"#,##0.000")&IF((IF(ABS(AI18)>=1E15,"PFLOPs",IF(ABS(AI18)>=1E12,"TFLOPs",IF(ABS(AI18)>=1E9,"GFLOPs",IF(ABS(AI18)>=1E6,"MFLOPs","flops")))))="",""," "&(IF(ABS(AI18)>=1E15,"PFLOPs",IF(ABS(AI18)>=1E12,"TFLOPs",IF(ABS(AI18)>=1E9,"GFLOPs",IF(ABS(AI18)>=1E6,"MFLOPs","flops")))))) -> 11.678 GFLOPs | G18: =TEXT(IF(ABS(AL18)>=1E12,AL18/1E12,IF(ABS(AL18)>=1E9,AL18/1E9,IF(ABS(AL18)>=1E6,AL18/1E6,IF(ABS(AL18)>=1E3,AL18/1E3,AL18)))),"#,##0.000")&IF((IF(ABS(AL18)>=1E12,"TB",IF(ABS(AL18)>=1E9,"GB",IF(ABS(AL18)>=1E6,"MB",IF(ABS(AL18)>=1E3,"KB","bytes")))))="",""," "&(IF(ABS(AL18)>=1E12,"TB",IF(ABS(AL18)>=1E9,"GB",IF(ABS(AL18)>=1E6,"MB",IF(ABS(AL18)>=1E3,"KB","bytes")))))) -> 0.000 B | H18: FP32 | I18: BF16 -> FP32 -> BF16 | J18: Block norms + final norm；含注意力 Sink 向量的参数容量。 | AE18: =((TotalLayers*(2*HiddenSize+QLoraRank+HeadDim+TP1LocalHeads))*FP32Bytes+(HiddenSize)*FP32Bytes) -> 1700608 | AF18: =(PF_Rows*TotalLayers*2*(4*HiddenSize+1)+PF_Rows*(4*HiddenSize+1)) -> 11677655040 | AG18: =((TotalLayers*(2*HiddenSize+QLoraRank+HeadDim+TP1LocalHeads)*FP32Bytes+HiddenSize*FP32Bytes+PF_Rows*TotalLayers*2*HiddenSize*BF16Bytes+PF_Rows*HiddenSize*BF16Bytes)+(PF_Rows*TotalLayers*2*HiddenSize*BF16Bytes+PF_Rows*HiddenSize*BF16Bytes)) -> 11678642944 | AH18: =((TotalLayers*(2*HiddenSize+QLoraRank+HeadDim+TP8LocalHeads))*FP32Bytes+(HiddenSize)*FP32Bytes) -> 1690976 | AI18: =(PF_Rows*TotalLayers*2*(4*HiddenSize+1)+PF_Rows*(4*HiddenSize+1)) -> 11677655040 | AJ18: =((TotalLayers*(2*HiddenSize+QLoraRank+HeadDim+TP8LocalHeads)*FP32Bytes+HiddenSize*FP32Bytes+PF_Rows*TotalLayers*2*HiddenSize*BF16Bytes+PF_Rows*HiddenSize*BF16Bytes)+(PF_Rows*TotalLayers*2*HiddenSize*BF16Bytes+PF_Rows*HiddenSize*BF16Bytes)) -> 11678633312 | AK18: =(0) -> 0 | AL18: =(0) -> 0
A19: HC | B19: =TEXT(IF(ABS(AE19)>=1E12,AE19/1E12,IF(ABS(AE19)>=1E9,AE19/1E9,IF(ABS(AE19)>=1E6,AE19/1E6,IF(ABS(AE19)>=1E3,AE19/1E3,AE19)))),"#,##0.000")&IF((IF(ABS(AE19)>=1E12,"TB",IF(ABS(AE19)>=1E9,"GB",IF(ABS(AE19)>=1E6,"MB",IF(ABS(AE19)>=1E3,"KB","bytes")))))="",""," "&(IF(ABS(AE19)>=1E12,"TB",IF(ABS(AE19)>=1E9,"GB",IF(ABS(AE19)>=1E6,"MB",IF(ABS(AE19)>=1E3,"KB","bytes")))))) -> 135.538 MB | C19: =TEXT(IF(ABS(AF19)>=1E15,AF19/1E15,IF(ABS(AF19)>=1E12,AF19/1E12,IF(ABS(AF19)>=1E9,AF19/1E9,IF(ABS(AF19)>=1E6,AF19/1E6,AF19)))),"#,##0.000")&IF((IF(ABS(AF19)>=1E15,"PFLOPs",IF(ABS(AF19)>=1E12,"TFLOPs",IF(ABS(AF19)>=1E9,"GFLOPs",IF(ABS(AF19)>=1E6,"MFLOPs","flops")))))="",""," "&(IF(ABS(AF19)>=1E15,"PFLOPs",IF(ABS(AF19)>=1E12,"TFLOPs",IF(ABS(AF19)>=1E9,"GFLOPs",IF(ABS(AF19)>=1E6,"MFLOPs","flops")))))) -> 702.798 GFLOPs | D19: =TEXT(IF(ABS(AK19)>=1E12,AK19/1E12,IF(ABS(AK19)>=1E9,AK19/1E9,IF(ABS(AK19)>=1E6,AK19/1E6,IF(ABS(AK19)>=1E3,AK19/1E3,AK19)))),"#,##0.000")&IF((IF(ABS(AK19)>=1E12,"TB",IF(ABS(AK19)>=1E9,"GB",IF(ABS(AK19)>=1E6,"MB",IF(ABS(AK19)>=1E3,"KB","bytes")))))="",""," "&(IF(ABS(AK19)>=1E12,"TB",IF(ABS(AK19)>=1E9,"GB",IF(ABS(AK19)>=1E6,"MB",IF(ABS(AK19)>=1E3,"KB","bytes")))))) -> 0.000 B | E19: =TEXT(IF(ABS(AH19)>=1E12,AH19/1E12,IF(ABS(AH19)>=1E9,AH19/1E9,IF(ABS(AH19)>=1E6,AH19/1E6,IF(ABS(AH19)>=1E3,AH19/1E3,AH19)))),"#,##0.000")&IF((IF(ABS(AH19)>=1E12,"TB",IF(ABS(AH19)>=1E9,"GB",IF(ABS(AH19)>=1E6,"MB",IF(ABS(AH19)>=1E3,"KB","bytes")))))="",""," "&(IF(ABS(AH19)>=1E12,"TB",IF(ABS(AH19)>=1E9,"GB",IF(ABS(AH19)>=1E6,"MB",IF(ABS(AH19)>=1E3,"KB","bytes")))))) -> 135.538 MB | F19: =TEXT(IF(ABS(AI19)>=1E15,AI19/1E15,IF(ABS(AI19)>=1E12,AI19/1E12,IF(ABS(AI19)>=1E9,AI19/1E9,IF(ABS(AI19)>=1E6,AI19/1E6,AI19)))),"#,##0.000")&IF((IF(ABS(AI19)>=1E15,"PFLOPs",IF(ABS(AI19)>=1E12,"TFLOPs",IF(ABS(AI19)>=1E9,"GFLOPs",IF(ABS(AI19)>=1E6,"MFLOPs","flops")))))="",""," "&(IF(ABS(AI19)>=1E15,"PFLOPs",IF(ABS(AI19)>=1E12,"TFLOPs",IF(ABS(AI19)>=1E9,"GFLOPs",IF(ABS(AI19)>=1E6,"MFLOPs","flops")))))) -> 702.798 GFLOPs | G19: =TEXT(IF(ABS(AL19)>=1E12,AL19/1E12,IF(ABS(AL19)>=1E9,AL19/1E9,IF(ABS(AL19)>=1E6,AL19/1E6,IF(ABS(AL19)>=1E3,AL19/1E3,AL19)))),"#,##0.000")&IF((IF(ABS(AL19)>=1E12,"TB",IF(ABS(AL19)>=1E9,"GB",IF(ABS(AL19)>=1E6,"MB",IF(ABS(AL19)>=1E3,"KB","bytes")))))="",""," "&(IF(ABS(AL19)>=1E12,"TB",IF(ABS(AL19)>=1E9,"GB",IF(ABS(AL19)>=1E6,"MB",IF(ABS(AL19)>=1E3,"KB","bytes")))))) -> 0.000 B | H19: FP32 | I19: FP32 mixing + BF16 hidden/residual | J19: Block HC + tail HC head；含 block HC 和模型尾部 HC head。 | AE19: =((TotalLayers*2*(((2+HCSlots)*HCSlots)*HCSlots*HiddenSize+((2+HCSlots)*HCSlots)+3))*FP32Bytes+(HCSlots*HCSlots*HiddenSize+HCSlots+1)*FP32Bytes) -> 135537756 | AF19: =(TotalLayers*2*(2*PF_Rows*HCSlots*HiddenSize*((2+HCSlots)*HCSlots)+PF_Rows*(2*HCSlots*HiddenSize+1)+PF_Rows*HiddenSize*(2*HCSlots-1)+PF_Rows*HCSlots*HiddenSize*(2*HCSlots+1))+2*PF_Rows*HCSlots*HiddenSize*HCSlots+PF_Rows*(2*HCSlots*HiddenSize+1)+PF_Rows*HiddenSize*(2*HCSlots-1)) -> 702798290944 | AG19: =((TotalLayers*2*((2+HCSlots)*HCSlots*HCSlots*HiddenSize*FP32Bytes+((2+HCSlots)*HCSlots+3)*FP32Bytes)+PF_Rows*TotalLayers*4*HCSlots*HiddenSize*BF16Bytes+(HCSlots*HCSlots*HiddenSize+HCSlots+1)*FP32Bytes+PF_Rows*HCSlots*HiddenSize*BF16Bytes)+(PF_Rows*TotalLayers*4*HCSlots*HiddenSize*BF16Bytes+PF_Rows*HiddenSize*BF16Bytes)) -> 92812878940 | AH19: =((TotalLayers*2*(((2+HCSlots)*HCSlots)*HCSlots*HiddenSize+((2+HCSlots)*HCSlots)+3))*FP32Bytes+(HCSlots*HCSlots*HiddenSize+HCSlots+1)*FP32Bytes) -> 135537756 | AI19: =(TotalLayers*2*(2*PF_Rows*HCSlots*HiddenSize*((2+HCSlots)*HCSlots)+PF_Rows*(2*HCSlots*HiddenSize+1)+PF_Rows*HiddenSize*(2*HCSlots-1)+PF_Rows*HCSlots*HiddenSize*(2*HCSlots+1))+2*PF_Rows*HCSlots*HiddenSize*HCSlots+PF_Rows*(2*HCSlots*HiddenSize+1)+PF_Rows*HiddenSize*(2*HCSlots-1)) -> 702798290944 | AJ19: =((TotalLayers*2*((2+HCSlots)*HCSlots*HCSlots*HiddenSize*FP32Bytes+((2+HCSlots)*HCSlots+3)*FP32Bytes)+PF_Rows*TotalLayers*4*HCSlots*HiddenSize*BF16Bytes+(HCSlots*HCSlots*HiddenSize+HCSlots+1)*FP32Bytes+PF_Rows*HCSlots*HiddenSize*BF16Bytes)+(PF_Rows*TotalLayers*4*HCSlots*HiddenSize*BF16Bytes+PF_Rows*HiddenSize*BF16Bytes)) -> 92812878940 | AK19: =(0) -> 0 | AL19: =(0) -> 0
A20: residual | B20: =TEXT(IF(ABS(AE20)>=1E12,AE20/1E12,IF(ABS(AE20)>=1E9,AE20/1E9,IF(ABS(AE20)>=1E6,AE20/1E6,IF(ABS(AE20)>=1E3,AE20/1E3,AE20)))),"#,##0.000")&IF((IF(ABS(AE20)>=1E12,"TB",IF(ABS(AE20)>=1E9,"GB",IF(ABS(AE20)>=1E6,"MB",IF(ABS(AE20)>=1E3,"KB","bytes")))))="",""," "&(IF(ABS(AE20)>=1E12,"TB",IF(ABS(AE20)>=1E9,"GB",IF(ABS(AE20)>=1E6,"MB",IF(ABS(AE20)>=1E3,"KB","bytes")))))) -> 0.000 B | C20: =TEXT(IF(ABS(AF20)>=1E15,AF20/1E15,IF(ABS(AF20)>=1E12,AF20/1E12,IF(ABS(AF20)>=1E9,AF20/1E9,IF(ABS(AF20)>=1E6,AF20/1E6,AF20)))),"#,##0.000")&IF((IF(ABS(AF20)>=1E15,"PFLOPs",IF(ABS(AF20)>=1E12,"TFLOPs",IF(ABS(AF20)>=1E9,"GFLOPs",IF(ABS(AF20)>=1E6,"MFLOPs","flops")))))="",""," "&(IF(ABS(AF20)>=1E15,"PFLOPs",IF(ABS(AF20)>=1E12,"TFLOPs",IF(ABS(AF20)>=1E9,"GFLOPs",IF(ABS(AF20)>=1E6,"MFLOPs","flops")))))) -> 0.000 FLOPs | D20: =TEXT(IF(ABS(AK20)>=1E12,AK20/1E12,IF(ABS(AK20)>=1E9,AK20/1E9,IF(ABS(AK20)>=1E6,AK20/1E6,IF(ABS(AK20)>=1E3,AK20/1E3,AK20)))),"#,##0.000")&IF((IF(ABS(AK20)>=1E12,"TB",IF(ABS(AK20)>=1E9,"GB",IF(ABS(AK20)>=1E6,"MB",IF(ABS(AK20)>=1E3,"KB","bytes")))))="",""," "&(IF(ABS(AK20)>=1E12,"TB",IF(ABS(AK20)>=1E9,"GB",IF(ABS(AK20)>=1E6,"MB",IF(ABS(AK20)>=1E3,"KB","bytes")))))) -> 0.000 B | E20: =TEXT(IF(ABS(AH20)>=1E12,AH20/1E12,IF(ABS(AH20)>=1E9,AH20/1E9,IF(ABS(AH20)>=1E6,AH20/1E6,IF(ABS(AH20)>=1E3,AH20/1E3,AH20)))),"#,##0.000")&IF((IF(ABS(AH20)>=1E12,"TB",IF(ABS(AH20)>=1E9,"GB",IF(ABS(AH20)>=1E6,"MB",IF(ABS(AH20)>=1E3,"KB","bytes")))))="",""," "&(IF(ABS(AH20)>=1E12,"TB",IF(ABS(AH20)>=1E9,"GB",IF(ABS(AH20)>=1E6,"MB",IF(ABS(AH20)>=1E3,"KB","bytes")))))) -> 0.000 B | F20: =TEXT(IF(ABS(AI20)>=1E15,AI20/1E15,IF(ABS(AI20)>=1E12,AI20/1E12,IF(ABS(AI20)>=1E9,AI20/1E9,IF(ABS(AI20)>=1E6,AI20/1E6,AI20)))),"#,##0.000")&IF((IF(ABS(AI20)>=1E15,"PFLOPs",IF(ABS(AI20)>=1E12,"TFLOPs",IF(ABS(AI20)>=1E9,"GFLOPs",IF(ABS(AI20)>=1E6,"MFLOPs","flops")))))="",""," "&(IF(ABS(AI20)>=1E15,"PFLOPs",IF(ABS(AI20)>=1E12,"TFLOPs",IF(ABS(AI20)>=1E9,"GFLOPs",IF(ABS(AI20)>=1E6,"MFLOPs","flops")))))) -> 0.000 FLOPs | G20: =TEXT(IF(ABS(AL20)>=1E12,AL20/1E12,IF(ABS(AL20)>=1E9,AL20/1E9,IF(ABS(AL20)>=1E6,AL20/1E6,IF(ABS(AL20)>=1E3,AL20/1E3,AL20)))),"#,##0.000")&IF((IF(ABS(AL20)>=1E12,"TB",IF(ABS(AL20)>=1E9,"GB",IF(ABS(AL20)>=1E6,"MB",IF(ABS(AL20)>=1E3,"KB","bytes")))))="",""," "&(IF(ABS(AL20)>=1E12,"TB",IF(ABS(AL20)>=1E9,"GB",IF(ABS(AL20)>=1E6,"MB",IF(ABS(AL20)>=1E3,"KB","bytes")))))) -> 0.000 B | H20: N/A | I20: BF16 residual / HC state | J20: HC state workspace；临时 workspace 不重复计入 HBM 和驻留容量。 | AE20: =(0) -> 0 | AF20: =(0) -> 0 | AG20: =((0)+(0)) -> 0 | AH20: =(0) -> 0 | AI20: =(0) -> 0 | AJ20: =((0)+(0)) -> 0 | AK20: =(0) -> 0 | AL20: =(0) -> 0
A22: 典型层与模块明细
A23: 类别 | B23: 典型层/模块 | C23: 层范围 | D23: TP1 容量 | E23: TP1 算力 | F23: TP1 集合通信数据量 | G23: TP8 容量/rank | H23: TP8 算力/rank | I23: TP8 集合通信数据量/rank | J23: 参数类型 | K23: 激活类型 | L23: 说明
A24: Embedding | B24: Embedding | C24: Input embedding | D24: =TEXT(IF(ABS(U24)>=1E12,U24/1E12,IF(ABS(U24)>=1E9,U24/1E9,IF(ABS(U24)>=1E6,U24/1E6,IF(ABS(U24)>=1E3,U24/1E3,U24)))),"#,##0.000")&IF((IF(ABS(U24)>=1E12,"TB",IF(ABS(U24)>=1E9,"GB",IF(ABS(U24)>=1E6,"MB",IF(ABS(U24)>=1E3,"KB","bytes")))))="",""," "&(IF(ABS(U24)>=1E12,"TB",IF(ABS(U24)>=1E9,"GB",IF(ABS(U24)>=1E6,"MB",IF(ABS(U24)>=1E3,"KB","bytes")))))) -> 1.059 GB | E24: =TEXT(IF(ABS(V24)>=1E15,V24/1E15,IF(ABS(V24)>=1E12,V24/1E12,IF(ABS(V24)>=1E9,V24/1E9,IF(ABS(V24)>=1E6,V24/1E6,V24)))),"#,##0.000")&IF((IF(ABS(V24)>=1E15,"PFLOPs",IF(ABS(V24)>=1E12,"TFLOPs",IF(ABS(V24)>=1E9,"GFLOPs",IF(ABS(V24)>=1E6,"MFLOPs","flops")))))="",""," "&(IF(ABS(V24)>=1E15,"PFLOPs",IF(ABS(V24)>=1E12,"TFLOPs",IF(ABS(V24)>=1E9,"GFLOPs",IF(ABS(V24)>=1E6,"MFLOPs","flops")))))) -> 0.000 FLOPs | F24: =TEXT(IF(ABS(AA24)>=1E12,AA24/1E12,IF(ABS(AA24)>=1E9,AA24/1E9,IF(ABS(AA24)>=1E6,AA24/1E6,IF(ABS(AA24)>=1E3,AA24/1E3,AA24)))),"#,##0.000")&IF((IF(ABS(AA24)>=1E12,"TB",IF(ABS(AA24)>=1E9,"GB",IF(ABS(AA24)>=1E6,"MB",IF(ABS(AA24)>=1E3,"KB","bytes")))))="",""," "&(IF(ABS(AA24)>=1E12,"TB",IF(ABS(AA24)>=1E9,"GB",IF(ABS(AA24)>=1E6,"MB",IF(ABS(AA24)>=1E3,"KB","bytes")))))) -> 0.000 B | G24: =TEXT(IF(ABS(X24)>=1E12,X24/1E12,IF(ABS(X24)>=1E9,X24/1E9,IF(ABS(X24)>=1E6,X24/1E6,IF(ABS(X24)>=1E3,X24/1E3,X24)))),"#,##0.000")&IF((IF(ABS(X24)>=1E12,"TB",IF(ABS(X24)>=1E9,"GB",IF(ABS(X24)>=1E6,"MB",IF(ABS(X24)>=1E3,"KB","bytes")))))="",""," "&(IF(ABS(X24)>=1E12,"TB",IF(ABS(X24)>=1E9,"GB",IF(ABS(X24)>=1E6,"MB",IF(ABS(X24)>=1E3,"KB","bytes")))))) -> 132.383 MB | H24: =TEXT(IF(ABS(Y24)>=1E15,Y24/1E15,IF(ABS(Y24)>=1E12,Y24/1E12,IF(ABS(Y24)>=1E9,Y24/1E9,IF(ABS(Y24)>=1E6,Y24/1E6,Y24)))),"#,##0.000")&IF((IF(ABS(Y24)>=1E15,"PFLOPs",IF(ABS(Y24)>=1E12,"TFLOPs",IF(ABS(Y24)>=1E9,"GFLOPs",IF(ABS(Y24)>=1E6,"MFLOPs","flops")))))="",""," "&(IF(ABS(Y24)>=1E15,"PFLOPs",IF(ABS(Y24)>=1E12,"TFLOPs",IF(ABS(Y24)>=1E9,"GFLOPs",IF(ABS(Y24)>=1E6,"MFLOPs","flops")))))) -> 0.000 FLOPs | I24: =TEXT(IF(ABS(AB24)>=1E12,AB24/1E12,IF(ABS(AB24)>=1E9,AB24/1E9,IF(ABS(AB24)>=1E6,AB24/1E6,IF(ABS(AB24)>=1E3,AB24/1E3,AB24)))),"#,##0.000")&IF((IF(ABS(AB24)>=1E12,"TB",IF(ABS(AB24)>=1E9,"GB",IF(ABS(AB24)>=1E6,"MB",IF(ABS(AB24)>=1E3,"KB","bytes")))))="",""," "&(IF(ABS(AB24)>=1E12,"TB",IF(ABS(AB24)>=1E9,"GB",IF(ABS(AB24)>=1E6,"MB",IF(ABS(AB24)>=1E3,"KB","bytes")))))) -> 234.881 MB | J24: BF16 embedding weights | K24: BF16 hidden / residual | L24: 按令牌读取本地词表分片并生成 BF16 hidden；Embedding 后的集合通信已计入本行。 | U24: =TP1LocalVocab*HiddenSize*BF16Bytes -> 1059061760 | V24: =0 -> 0 | W24: =(PF_Rows*HiddenSize*BF16Bytes)+(PF_Rows*HiddenSize*BF16Bytes) -> 134217728 | X24: =TP8LocalVocab*HiddenSize*BF16Bytes -> 132382720 | Y24: =0 -> 0 | Z24: =(PF_Rows*HiddenSize*BF16Bytes)+(PF_Rows*HiddenSize*BF16Bytes) -> 134217728 | AA24: =4*(TP1Size-1)/TP1Size*PF_Rows*HiddenSize*BF16Bytes -> 0 | AB24: =4*(TP8Size-1)/TP8Size*PF_Rows*HiddenSize*BF16Bytes -> 234881024
A25: Attention | B25: Q/K/O projections | C25: All active layers | D25: =TEXT(IF(ABS(U25)>=1E12,U25/1E12,IF(ABS(U25)>=1E9,U25/1E9,IF(ABS(U25)>=1E6,U25/1E6,IF(ABS(U25)>=1E3,U25/1E3,U25)))),"#,##0.000")&IF((IF(ABS(U25)>=1E12,"TB",IF(ABS(U25)>=1E9,"GB",IF(ABS(U25)>=1E6,"MB",IF(ABS(U25)>=1E3,"KB","bytes")))))="",""," "&(IF(ABS(U25)>=1E12,"TB",IF(ABS(U25)>=1E9,"GB",IF(ABS(U25)>=1E6,"MB",IF(ABS(U25)>=1E3,"KB","bytes")))))) -> 6.042 GB | E25: =TEXT(IF(ABS(V25)>=1E15,V25/1E15,IF(ABS(V25)>=1E12,V25/1E12,IF(ABS(V25)>=1E9,V25/1E9,IF(ABS(V25)>=1E6,V25/1E6,V25)))),"#,##0.000")&IF((IF(ABS(V25)>=1E15,"PFLOPs",IF(ABS(V25)>=1E12,"TFLOPs",IF(ABS(V25)>=1E9,"GFLOPs",IF(ABS(V25)>=1E6,"MFLOPs","flops")))))="",""," "&(IF(ABS(V25)>=1E15,"PFLOPs",IF(ABS(V25)>=1E12,"TFLOPs",IF(ABS(V25)>=1E9,"GFLOPs",IF(ABS(V25)>=1E6,"MFLOPs","flops")))))) -> 75.351 TFLOPs | F25: =TEXT(IF(ABS(AA25)>=1E12,AA25/1E12,IF(ABS(AA25)>=1E9,AA25/1E9,IF(ABS(AA25)>=1E6,AA25/1E6,IF(ABS(AA25)>=1E3,AA25/1E3,AA25)))),"#,##0.000")&IF((IF(ABS(AA25)>=1E12,"TB",IF(ABS(AA25)>=1E9,"GB",IF(ABS(AA25)>=1E6,"MB",IF(ABS(AA25)>=1E3,"KB","bytes")))))="",""," "&(IF(ABS(AA25)>=1E12,"TB",IF(ABS(AA25)>=1E9,"GB",IF(ABS(AA25)>=1E6,"MB",IF(ABS(AA25)>=1E3,"KB","bytes")))))) -> 0.000 B | G25: =TEXT(IF(ABS(X25)>=1E12,X25/1E12,IF(ABS(X25)>=1E9,X25/1E9,IF(ABS(X25)>=1E6,X25/1E6,IF(ABS(X25)>=1E3,X25/1E3,X25)))),"#,##0.000")&IF((IF(ABS(X25)>=1E12,"TB",IF(ABS(X25)>=1E9,"GB",IF(ABS(X25)>=1E6,"MB",IF(ABS(X25)>=1E3,"KB","bytes")))))="",""," "&(IF(ABS(X25)>=1E12,"TB",IF(ABS(X25)>=1E9,"GB",IF(ABS(X25)>=1E6,"MB",IF(ABS(X25)>=1E3,"KB","bytes")))))) -> 991.991 MB | H25: =TEXT(IF(ABS(Y25)>=1E15,Y25/1E15,IF(ABS(Y25)>=1E12,Y25/1E12,IF(ABS(Y25)>=1E9,Y25/1E9,IF(ABS(Y25)>=1E6,Y25/1E6,Y25)))),"#,##0.000")&IF((IF(ABS(Y25)>=1E15,"PFLOPs",IF(ABS(Y25)>=1E12,"TFLOPs",IF(ABS(Y25)>=1E9,"GFLOPs",IF(ABS(Y25)>=1E6,"MFLOPs","flops")))))="",""," "&(IF(ABS(Y25)>=1E15,"PFLOPs",IF(ABS(Y25)>=1E12,"TFLOPs",IF(ABS(Y25)>=1E9,"GFLOPs",IF(ABS(Y25)>=1E6,"MFLOPs","flops")))))) -> 13.297 TFLOPs | I25: =TEXT(IF(ABS(AB25)>=1E12,AB25/1E12,IF(ABS(AB25)>=1E9,AB25/1E9,IF(ABS(AB25)>=1E6,AB25/1E6,IF(ABS(AB25)>=1E3,AB25/1E3,AB25)))),"#,##0.000")&IF((IF(ABS(AB25)>=1E12,"TB",IF(ABS(AB25)>=1E9,"GB",IF(ABS(AB25)>=1E6,"MB",IF(ABS(AB25)>=1E3,"KB","bytes")))))="",""," "&(IF(ABS(AB25)>=1E12,"TB",IF(ABS(AB25)>=1E9,"GB",IF(ABS(AB25)>=1E6,"MB",IF(ABS(AB25)>=1E3,"KB","bytes")))))) -> 0.000 B | J25: FP8 E4M3 + E8M0 scales; wo_a BF16 | K25: BF16 input/output; FP8 GEMM activations | L25: Wq_a 和 Wkv 在每个 TP Rank 上复制；Wq_b/Wo_a/Wo_b 按 TP 分片。 | U25: =TotalLayers*(((HiddenSize)*(QLoraRank)*FP8Bytes+ROUNDUP((HiddenSize)/FP8Block,0)*ROUNDUP((QLoraRank)/FP8Block,0)*ScaleBytes)+((QLoraRank)*(TP1LocalHeads*HeadDim)*FP8Bytes+ROUNDUP((QLoraRank)/FP8Block,0)*ROUNDUP((TP1LocalHeads*HeadDim)/FP8Block,0)*ScaleBytes)+((HiddenSize)*(HeadDim)*FP8Bytes+ROUNDUP((HiddenSize)/FP8Block,0)*ROUNDUP((HeadDim)/FP8Block,0)*ScaleBytes)+TP1LocalHeads*HeadDim*OLoraRank*BF16Bytes+((TP1LocalOGroups*OLoraRank)*(HiddenSize)*FP8Bytes+ROUNDUP((TP1LocalOGroups*OLoraRank)/FP8Block,0)*ROUNDUP((HiddenSize)/FP8Block,0)*ScaleBytes)) -> 6042087552 | V25: =PF_Rows*TotalLayers*2*(HiddenSize*QLoraRank+QLoraRank*TP1LocalHeads*HeadDim+HiddenSize*HeadDim+TP1LocalHeads*HeadDim*OLoraRank+TP1LocalOGroups*OLoraRank*HiddenSize) -> 75350906241024 | W25: =(TotalLayers*(((HiddenSize)*(QLoraRank)*FP8Bytes+ROUNDUP((HiddenSize)/FP8Block,0)*ROUNDUP((QLoraRank)/FP8Block,0)*ScaleBytes)+((QLoraRank)*(TP1LocalHeads*HeadDim)*FP8Bytes+ROUNDUP((QLoraRank)/FP8Block,0)*ROUNDUP((TP1LocalHeads*HeadDim)/FP8Block,0)*ScaleBytes)+((HiddenSize)*(HeadDim)*FP8Bytes+ROUNDUP((HiddenSize)/FP8Block,0)*ROUNDUP((HeadDim)/FP8Block,0)*ScaleBytes)+TP1LocalHeads*HeadDim*OLoraRank*BF16Bytes+((TP1LocalOGroups*OLoraRank)*(HiddenSize)*FP8Bytes+ROUNDUP((TP1LocalOGroups*OLoraRank)/FP8Block,0)*ROUNDUP((HiddenSize)/FP8Block,0)*ScaleBytes))+PF_Rows*TotalLayers*(2*HiddenSize*BF16Bytes+QLoraRank*BF16Bytes+TP1KernelLocalHeads*HeadDim*BF16Bytes+TP1LocalOGroups*OLoraRank*BF16Bytes))+(PF_Rows*TotalLayers*(QLoraRank+TP1KernelLocalHeads*HeadDim+HeadDim+TP1LocalOGroups*OLoraRank+HiddenSize)*BF16Bytes) -> 74216304768 | X25: =TotalLayers*(((HiddenSize)*(QLoraRank)*FP8Bytes+ROUNDUP((HiddenSize)/FP8Block,0)*ROUNDUP((QLoraRank)/FP8Block,0)*ScaleBytes)+((QLoraRank)*(TP8LocalHeads*HeadDim)*FP8Bytes+ROUNDUP((QLoraRank)/FP8Block,0)*ROUNDUP((TP8LocalHeads*HeadDim)/FP8Block,0)*ScaleBytes)+((HiddenSize)*(HeadDim)*FP8Bytes+ROUNDUP((HiddenSize)/FP8Block,0)*ROUNDUP((HeadDim)/FP8Block,0)*ScaleBytes)+TP8LocalHeads*HeadDim*OLoraRank*BF16Bytes+((TP8LocalOGroups*OLoraRank)*(HiddenSize)*FP8Bytes+ROUNDUP((TP8LocalOGroups*OLoraRank)/FP8Block,0)*ROUNDUP((HiddenSize)/FP8Block,0)*ScaleBytes)) -> 991991424 | Y25: =PF_Rows*TotalLayers*2*(HiddenSize*QLoraRank+QLoraRank*TP8LocalHeads*HeadDim+HiddenSize*HeadDim+TP8LocalHeads*HeadDim*OLoraRank+TP8LocalOGroups*OLoraRank*HiddenSize) -> 13297218748416 | Z25: =(TotalLayers*(((HiddenSize)*(QLoraRank)*FP8Bytes+ROUNDUP((HiddenSize)/FP8Block,0)*ROUNDUP((QLoraRank)/FP8Block,0)*ScaleBytes)+((QLoraRank)*(TP8LocalHeads*HeadDim)*FP8Bytes+ROUNDUP((QLoraRank)/FP8Block,0)*ROUNDUP((TP8LocalHeads*HeadDim)/FP8Block,0)*ScaleBytes)+((HiddenSize)*(HeadDim)*FP8Bytes+ROUNDUP((HiddenSize)/FP8Block,0)*ROUNDUP((HeadDim)/FP8Block,0)*ScaleBytes)+TP8LocalHeads*HeadDim*OLoraRank*BF16Bytes+((TP8LocalOGroups*OLoraRank)*(HiddenSize)*FP8Bytes+ROUNDUP((TP8LocalOGroups*OLoraRank)/FP8Block,0)*ROUNDUP((HiddenSize)/FP8Block,0)*ScaleBytes))+PF_Rows*TotalLayers*(2*HiddenSize*BF16Bytes+QLoraRank*BF16Bytes+TP8KernelLocalHeads*HeadDim*BF16Bytes+TP8LocalOGroups*OLoraRank*BF16Bytes))+(PF_Rows*TotalLayers*(QLoraRank+TP8KernelLocalHeads*HeadDim+HeadDim+TP8LocalOGroups*OLoraRank+HiddenSize)*BF16Bytes) -> 24438150784 | AA25: =0 -> 0 | AB25: =0 -> 0
A26: Attention | B26: Window sparse attention | C26: Window layers | D26: =TEXT(IF(ABS(U26)>=1E12,U26/1E12,IF(ABS(U26)>=1E9,U26/1E9,IF(ABS(U26)>=1E6,U26/1E6,IF(ABS(U26)>=1E3,U26/1E3,U26)))),"#,##0.000")&IF((IF(ABS(U26)>=1E12,"TB",IF(ABS(U26)>=1E9,"GB",IF(ABS(U26)>=1E6,"MB",IF(ABS(U26)>=1E3,"KB","bytes")))))="",""," "&(IF(ABS(U26)>=1E12,"TB",IF(ABS(U26)>=1E9,"GB",IF(ABS(U26)>=1E6,"MB",IF(ABS(U26)>=1E3,"KB","bytes")))))) -> 0.000 B | E26: =TEXT(IF(ABS(V26)>=1E15,V26/1E15,IF(ABS(V26)>=1E12,V26/1E12,IF(ABS(V26)>=1E9,V26/1E9,IF(ABS(V26)>=1E6,V26/1E6,V26)))),"#,##0.000")&IF((IF(ABS(V26)>=1E15,"PFLOPs",IF(ABS(V26)>=1E12,"TFLOPs",IF(ABS(V26)>=1E9,"GFLOPs",IF(ABS(V26)>=1E6,"MFLOPs","flops")))))="",""," "&(IF(ABS(V26)>=1E15,"PFLOPs",IF(ABS(V26)>=1E12,"TFLOPs",IF(ABS(V26)>=1E9,"GFLOPs",IF(ABS(V26)>=1E6,"MFLOPs","flops")))))) -> 272.747 GFLOPs | F26: =TEXT(IF(ABS(AA26)>=1E12,AA26/1E12,IF(ABS(AA26)>=1E9,AA26/1E9,IF(ABS(AA26)>=1E6,AA26/1E6,IF(ABS(AA26)>=1E3,AA26/1E3,AA26)))),"#,##0.000")&IF((IF(ABS(AA26)>=1E12,"TB",IF(ABS(AA26)>=1E9,"GB",IF(ABS(AA26)>=1E6,"MB",IF(ABS(AA26)>=1E3,"KB","bytes")))))="",""," "&(IF(ABS(AA26)>=1E12,"TB",IF(ABS(AA26)>=1E9,"GB",IF(ABS(AA26)>=1E6,"MB",IF(ABS(AA26)>=1E3,"KB","bytes")))))) -> 0.000 B | G26: =TEXT(IF(ABS(X26)>=1E12,X26/1E12,IF(ABS(X26)>=1E9,X26/1E9,IF(ABS(X26)>=1E6,X26/1E6,IF(ABS(X26)>=1E3,X26/1E3,X26)))),"#,##0.000")&IF((IF(ABS(X26)>=1E12,"TB",IF(ABS(X26)>=1E9,"GB",IF(ABS(X26)>=1E6,"MB",IF(ABS(X26)>=1E3,"KB","bytes")))))="",""," "&(IF(ABS(X26)>=1E12,"TB",IF(ABS(X26)>=1E9,"GB",IF(ABS(X26)>=1E6,"MB",IF(ABS(X26)>=1E3,"KB","bytes")))))) -> 0.000 B | H26: =TEXT(IF(ABS(Y26)>=1E15,Y26/1E15,IF(ABS(Y26)>=1E12,Y26/1E12,IF(ABS(Y26)>=1E9,Y26/1E9,IF(ABS(Y26)>=1E6,Y26/1E6,Y26)))),"#,##0.000")&IF((IF(ABS(Y26)>=1E15,"PFLOPs",IF(ABS(Y26)>=1E12,"TFLOPs",IF(ABS(Y26)>=1E9,"GFLOPs",IF(ABS(Y26)>=1E6,"MFLOPs","flops")))))="",""," "&(IF(ABS(Y26)>=1E15,"PFLOPs",IF(ABS(Y26)>=1E12,"TFLOPs",IF(ABS(Y26)>=1E9,"GFLOPs",IF(ABS(Y26)>=1E6,"MFLOPs","flops")))))) -> 68.187 GFLOPs | I26: =TEXT(IF(ABS(AB26)>=1E12,AB26/1E12,IF(ABS(AB26)>=1E9,AB26/1E9,IF(ABS(AB26)>=1E6,AB26/1E6,IF(ABS(AB26)>=1E3,AB26/1E3,AB26)))),"#,##0.000")&IF((IF(ABS(AB26)>=1E12,"TB",IF(ABS(AB26)>=1E9,"GB",IF(ABS(AB26)>=1E6,"MB",IF(ABS(AB26)>=1E3,"KB","bytes")))))="",""," "&(IF(ABS(AB26)>=1E12,"TB",IF(ABS(AB26)>=1E9,"GB",IF(ABS(AB26)>=1E6,"MB",IF(ABS(AB26)>=1E3,"KB","bytes")))))) -> 0.000 B | J26: N/A | K26: BF16 Q/K/V; BF16 window KV | L26: KV 在各头之间共享；每个 Rank 的内核头数包含最小头数补齐。 | U26: =0 -> 0 | V26: =4*PrefillBatch*TP1KernelLocalHeads*HeadDim*(WindowLayers*PF_RawPairs) -> 272747200512 | W26: =(PF_Rows*WindowLayers*TP1KernelLocalHeads*HeadDim*BF16Bytes+PrefillBatch*(WindowLayers*PF_RawPairs)*HeadDim*BF16Bytes)+(PF_Rows*WindowLayers*TP1KernelLocalHeads*HeadDim*BF16Bytes) -> 4278321152 | X26: =0 -> 0 | Y26: =4*PrefillBatch*TP8KernelLocalHeads*HeadDim*(WindowLayers*PF_RawPairs) -> 68186800128 | Z26: =(PF_Rows*WindowLayers*TP8KernelLocalHeads*HeadDim*BF16Bytes+PrefillBatch*(WindowLayers*PF_RawPairs)*HeadDim*BF16Bytes)+(PF_Rows*WindowLayers*TP8KernelLocalHeads*HeadDim*BF16Bytes) -> 2667708416 | AA26: =0 -> 0 | AB26: =0 -> 0
A27: Attention | B27: Short-compression sparse attention | C27: Ratio-4 short-compression layers | D27: =TEXT(IF(ABS(U27)>=1E12,U27/1E12,IF(ABS(U27)>=1E9,U27/1E9,IF(ABS(U27)>=1E6,U27/1E6,IF(ABS(U27)>=1E3,U27/1E3,U27)))),"#,##0.000")&IF((IF(ABS(U27)>=1E12,"TB",IF(ABS(U27)>=1E9,"GB",IF(ABS(U27)>=1E6,"MB",IF(ABS(U27)>=1E3,"KB","bytes")))))="",""," "&(IF(ABS(U27)>=1E12,"TB",IF(ABS(U27)>=1E9,"GB",IF(ABS(U27)>=1E6,"MB",IF(ABS(U27)>=1E3,"KB","bytes")))))) -> 0.000 B | E27: =TEXT(IF(ABS(V27)>=1E15,V27/1E15,IF(ABS(V27)>=1E12,V27/1E12,IF(ABS(V27)>=1E9,V27/1E9,IF(ABS(V27)>=1E6,V27/1E6,V27)))),"#,##0.000")&IF((IF(ABS(V27)>=1E15,"PFLOPs",IF(ABS(V27)>=1E12,"TFLOPs",IF(ABS(V27)>=1E9,"GFLOPs",IF(ABS(V27)>=1E6,"MFLOPs","flops")))))="",""," "&(IF(ABS(V27)>=1E15,"PFLOPs",IF(ABS(V27)>=1E12,"TFLOPs",IF(ABS(V27)>=1E9,"GFLOPs",IF(ABS(V27)>=1E6,"MFLOPs","flops")))))) -> 12.964 TFLOPs | F27: =TEXT(IF(ABS(AA27)>=1E12,AA27/1E12,IF(ABS(AA27)>=1E9,AA27/1E9,IF(ABS(AA27)>=1E6,AA27/1E6,IF(ABS(AA27)>=1E3,AA27/1E3,AA27)))),"#,##0.000")&IF((IF(ABS(AA27)>=1E12,"TB",IF(ABS(AA27)>=1E9,"GB",IF(ABS(AA27)>=1E6,"MB",IF(ABS(AA27)>=1E3,"KB","bytes")))))="",""," "&(IF(ABS(AA27)>=1E12,"TB",IF(ABS(AA27)>=1E9,"GB",IF(ABS(AA27)>=1E6,"MB",IF(ABS(AA27)>=1E3,"KB","bytes")))))) -> 0.000 B | G27: =TEXT(IF(ABS(X27)>=1E12,X27/1E12,IF(ABS(X27)>=1E9,X27/1E9,IF(ABS(X27)>=1E6,X27/1E6,IF(ABS(X27)>=1E3,X27/1E3,X27)))),"#,##0.000")&IF((IF(ABS(X27)>=1E12,"TB",IF(ABS(X27)>=1E9,"GB",IF(ABS(X27)>=1E6,"MB",IF(ABS(X27)>=1E3,"KB","bytes")))))="",""," "&(IF(ABS(X27)>=1E12,"TB",IF(ABS(X27)>=1E9,"GB",IF(ABS(X27)>=1E6,"MB",IF(ABS(X27)>=1E3,"KB","bytes")))))) -> 0.000 B | H27: =TEXT(IF(ABS(Y27)>=1E15,Y27/1E15,IF(ABS(Y27)>=1E12,Y27/1E12,IF(ABS(Y27)>=1E9,Y27/1E9,IF(ABS(Y27)>=1E6,Y27/1E6,Y27)))),"#,##0.000")&IF((IF(ABS(Y27)>=1E15,"PFLOPs",IF(ABS(Y27)>=1E12,"TFLOPs",IF(ABS(Y27)>=1E9,"GFLOPs",IF(ABS(Y27)>=1E6,"MFLOPs","flops")))))="",""," "&(IF(ABS(Y27)>=1E15,"PFLOPs",IF(ABS(Y27)>=1E12,"TFLOPs",IF(ABS(Y27)>=1E9,"GFLOPs",IF(ABS(Y27)>=1E6,"MFLOPs","flops")))))) -> 3.241 TFLOPs | I27: =TEXT(IF(ABS(AB27)>=1E12,AB27/1E12,IF(ABS(AB27)>=1E9,AB27/1E9,IF(ABS(AB27)>=1E6,AB27/1E6,IF(ABS(AB27)>=1E3,AB27/1E3,AB27)))),"#,##0.000")&IF((IF(ABS(AB27)>=1E12,"TB",IF(ABS(AB27)>=1E9,"GB",IF(ABS(AB27)>=1E6,"MB",IF(ABS(AB27)>=1E3,"KB","bytes")))))="",""," "&(IF(ABS(AB27)>=1E12,"TB",IF(ABS(AB27)>=1E9,"GB",IF(ABS(AB27)>=1E6,"MB",IF(ABS(AB27)>=1E3,"KB","bytes")))))) -> 0.000 B | J27: N/A | K27: BF16 Q/K; BF16 compressed KV | L27: KV 在各头之间共享；每个 Rank 的内核头数包含最小头数补齐。 | U27: =0 -> 0 | V27: =4*PrefillBatch*TP1KernelLocalHeads*HeadDim*(ShortLayers*(PF_RawPairs+PF_ShortPairs)) -> 12964199399424 | W27: =(PF_Rows*ShortLayers*TP1KernelLocalHeads*HeadDim*BF16Bytes+PrefillBatch*(ShortLayers*(PF_RawPairs+PF_ShortPairs))*HeadDim*BF16Bytes)+(PF_Rows*ShortLayers*TP1KernelLocalHeads*HeadDim*BF16Bytes) -> 123831386112 | X27: =0 -> 0 | Y27: =4*PrefillBatch*TP8KernelLocalHeads*HeadDim*(ShortLayers*(PF_RawPairs+PF_ShortPairs)) -> 3241049849856 | Z27: =(PF_Rows*ShortLayers*TP8KernelLocalHeads*HeadDim*BF16Bytes+PrefillBatch*(ShortLayers*(PF_RawPairs+PF_ShortPairs))*HeadDim*BF16Bytes)+(PF_Rows*ShortLayers*TP8KernelLocalHeads*HeadDim*BF16Bytes) -> 106919952384 | AA27: =0 -> 0 | AB27: =0 -> 0
A28: Attention | B28: Long-compression sparse attention | C28: Ratio-128 long-compression layers | D28: =TEXT(IF(ABS(U28)>=1E12,U28/1E12,IF(ABS(U28)>=1E9,U28/1E9,IF(ABS(U28)>=1E6,U28/1E6,IF(ABS(U28)>=1E3,U28/1E3,U28)))),"#,##0.000")&IF((IF(ABS(U28)>=1E12,"TB",IF(ABS(U28)>=1E9,"GB",IF(ABS(U28)>=1E6,"MB",IF(ABS(U28)>=1E3,"KB","bytes")))))="",""," "&(IF(ABS(U28)>=1E12,"TB",IF(ABS(U28)>=1E9,"GB",IF(ABS(U28)>=1E6,"MB",IF(ABS(U28)>=1E3,"KB","bytes")))))) -> 0.000 B | E28: =TEXT(IF(ABS(V28)>=1E15,V28/1E15,IF(ABS(V28)>=1E12,V28/1E12,IF(ABS(V28)>=1E9,V28/1E9,IF(ABS(V28)>=1E6,V28/1E6,V28)))),"#,##0.000")&IF((IF(ABS(V28)>=1E15,"PFLOPs",IF(ABS(V28)>=1E12,"TFLOPs",IF(ABS(V28)>=1E9,"GFLOPs",IF(ABS(V28)>=1E6,"MFLOPs","flops")))))="",""," "&(IF(ABS(V28)>=1E15,"PFLOPs",IF(ABS(V28)>=1E12,"TFLOPs",IF(ABS(V28)>=1E9,"GFLOPs",IF(ABS(V28)>=1E6,"MFLOPs","flops")))))) -> 3.404 TFLOPs | F28: =TEXT(IF(ABS(AA28)>=1E12,AA28/1E12,IF(ABS(AA28)>=1E9,AA28/1E9,IF(ABS(AA28)>=1E6,AA28/1E6,IF(ABS(AA28)>=1E3,AA28/1E3,AA28)))),"#,##0.000")&IF((IF(ABS(AA28)>=1E12,"TB",IF(ABS(AA28)>=1E9,"GB",IF(ABS(AA28)>=1E6,"MB",IF(ABS(AA28)>=1E3,"KB","bytes")))))="",""," "&(IF(ABS(AA28)>=1E12,"TB",IF(ABS(AA28)>=1E9,"GB",IF(ABS(AA28)>=1E6,"MB",IF(ABS(AA28)>=1E3,"KB","bytes")))))) -> 0.000 B | G28: =TEXT(IF(ABS(X28)>=1E12,X28/1E12,IF(ABS(X28)>=1E9,X28/1E9,IF(ABS(X28)>=1E6,X28/1E6,IF(ABS(X28)>=1E3,X28/1E3,X28)))),"#,##0.000")&IF((IF(ABS(X28)>=1E12,"TB",IF(ABS(X28)>=1E9,"GB",IF(ABS(X28)>=1E6,"MB",IF(ABS(X28)>=1E3,"KB","bytes")))))="",""," "&(IF(ABS(X28)>=1E12,"TB",IF(ABS(X28)>=1E9,"GB",IF(ABS(X28)>=1E6,"MB",IF(ABS(X28)>=1E3,"KB","bytes")))))) -> 0.000 B | H28: =TEXT(IF(ABS(Y28)>=1E15,Y28/1E15,IF(ABS(Y28)>=1E12,Y28/1E12,IF(ABS(Y28)>=1E9,Y28/1E9,IF(ABS(Y28)>=1E6,Y28/1E6,Y28)))),"#,##0.000")&IF((IF(ABS(Y28)>=1E15,"PFLOPs",IF(ABS(Y28)>=1E12,"TFLOPs",IF(ABS(Y28)>=1E9,"GFLOPs",IF(ABS(Y28)>=1E6,"MFLOPs","flops")))))="",""," "&(IF(ABS(Y28)>=1E15,"PFLOPs",IF(ABS(Y28)>=1E12,"TFLOPs",IF(ABS(Y28)>=1E9,"GFLOPs",IF(ABS(Y28)>=1E6,"MFLOPs","flops")))))) -> 851.024 GFLOPs | I28: =TEXT(IF(ABS(AB28)>=1E12,AB28/1E12,IF(ABS(AB28)>=1E9,AB28/1E9,IF(ABS(AB28)>=1E6,AB28/1E6,IF(ABS(AB28)>=1E3,AB28/1E3,AB28)))),"#,##0.000")&IF((IF(ABS(AB28)>=1E12,"TB",IF(ABS(AB28)>=1E9,"GB",IF(ABS(AB28)>=1E6,"MB",IF(ABS(AB28)>=1E3,"KB","bytes")))))="",""," "&(IF(ABS(AB28)>=1E12,"TB",IF(ABS(AB28)>=1E9,"GB",IF(ABS(AB28)>=1E6,"MB",IF(ABS(AB28)>=1E3,"KB","bytes")))))) -> 0.000 B | J28: N/A | K28: BF16 Q/K; BF16 compressed KV | L28: KV 在各头之间共享；每个 Rank 的内核头数包含最小头数补齐。 | U28: =0 -> 0 | V28: =4*PrefillBatch*TP1KernelLocalHeads*HeadDim*(LongLayers*(PF_RawPairs+PF_LongPairs)) -> 3404097126400 | W28: =(PF_Rows*LongLayers*TP1KernelLocalHeads*HeadDim*BF16Bytes+PrefillBatch*(LongLayers*(PF_RawPairs+PF_LongPairs))*HeadDim*BF16Bytes)+(PF_Rows*LongLayers*TP1KernelLocalHeads*HeadDim*BF16Bytes) -> 48069345280 | X28: =0 -> 0 | Y28: =4*PrefillBatch*TP8KernelLocalHeads*HeadDim*(LongLayers*(PF_RawPairs+PF_LongPairs)) -> 851024281600 | Z28: =(PF_Rows*LongLayers*TP8KernelLocalHeads*HeadDim*BF16Bytes+PrefillBatch*(LongLayers*(PF_RawPairs+PF_LongPairs))*HeadDim*BF16Bytes)+(PF_Rows*LongLayers*TP8KernelLocalHeads*HeadDim*BF16Bytes) -> 31963217920 | AA28: =0 -> 0 | AB28: =0 -> 0
A29: Attention | B29: Ratio-4 Indexer projections | C29: Short-compression layers | D29: =TEXT(IF(ABS(U29)>=1E12,U29/1E12,IF(ABS(U29)>=1E9,U29/1E9,IF(ABS(U29)>=1E6,U29/1E6,IF(ABS(U29)>=1E3,U29/1E3,U29)))),"#,##0.000")&IF((IF(ABS(U29)>=1E12,"TB",IF(ABS(U29)>=1E9,"GB",IF(ABS(U29)>=1E6,"MB",IF(ABS(U29)>=1E3,"KB","bytes")))))="",""," "&(IF(ABS(U29)>=1E12,"TB",IF(ABS(U29)>=1E9,"GB",IF(ABS(U29)>=1E6,"MB",IF(ABS(U29)>=1E3,"KB","bytes")))))) -> 187.182 MB | E29: =TEXT(IF(ABS(V29)>=1E15,V29/1E15,IF(ABS(V29)>=1E12,V29/1E12,IF(ABS(V29)>=1E9,V29/1E9,IF(ABS(V29)>=1E6,V29/1E6,V29)))),"#,##0.000")&IF((IF(ABS(V29)>=1E15,"PFLOPs",IF(ABS(V29)>=1E12,"TFLOPs",IF(ABS(V29)>=1E9,"GFLOPs",IF(ABS(V29)>=1E6,"MFLOPs","flops")))))="",""," "&(IF(ABS(V29)>=1E15,"PFLOPs",IF(ABS(V29)>=1E12,"TFLOPs",IF(ABS(V29)>=1E9,"GFLOPs",IF(ABS(V29)>=1E6,"MFLOPs","flops")))))) -> 2.976 TFLOPs | F29: =TEXT(IF(ABS(AA29)>=1E12,AA29/1E12,IF(ABS(AA29)>=1E9,AA29/1E9,IF(ABS(AA29)>=1E6,AA29/1E6,IF(ABS(AA29)>=1E3,AA29/1E3,AA29)))),"#,##0.000")&IF((IF(ABS(AA29)>=1E12,"TB",IF(ABS(AA29)>=1E9,"GB",IF(ABS(AA29)>=1E6,"MB",IF(ABS(AA29)>=1E3,"KB","bytes")))))="",""," "&(IF(ABS(AA29)>=1E12,"TB",IF(ABS(AA29)>=1E9,"GB",IF(ABS(AA29)>=1E6,"MB",IF(ABS(AA29)>=1E3,"KB","bytes")))))) -> 0.000 B | G29: =TEXT(IF(ABS(X29)>=1E12,X29/1E12,IF(ABS(X29)>=1E9,X29/1E9,IF(ABS(X29)>=1E6,X29/1E6,IF(ABS(X29)>=1E3,X29/1E3,X29)))),"#,##0.000")&IF((IF(ABS(X29)>=1E12,"TB",IF(ABS(X29)>=1E9,"GB",IF(ABS(X29)>=1E6,"MB",IF(ABS(X29)>=1E3,"KB","bytes")))))="",""," "&(IF(ABS(X29)>=1E12,"TB",IF(ABS(X29)>=1E9,"GB",IF(ABS(X29)>=1E6,"MB",IF(ABS(X29)>=1E3,"KB","bytes")))))) -> 23.398 MB | H29: =TEXT(IF(ABS(Y29)>=1E15,Y29/1E15,IF(ABS(Y29)>=1E12,Y29/1E12,IF(ABS(Y29)>=1E9,Y29/1E9,IF(ABS(Y29)>=1E6,Y29/1E6,Y29)))),"#,##0.000")&IF((IF(ABS(Y29)>=1E15,"PFLOPs",IF(ABS(Y29)>=1E12,"TFLOPs",IF(ABS(Y29)>=1E9,"GFLOPs",IF(ABS(Y29)>=1E6,"MFLOPs","flops")))))="",""," "&(IF(ABS(Y29)>=1E15,"PFLOPs",IF(ABS(Y29)>=1E12,"TFLOPs",IF(ABS(Y29)>=1E9,"GFLOPs",IF(ABS(Y29)>=1E6,"MFLOPs","flops")))))) -> 372.052 GFLOPs | I29: =TEXT(IF(ABS(AB29)>=1E12,AB29/1E12,IF(ABS(AB29)>=1E9,AB29/1E9,IF(ABS(AB29)>=1E6,AB29/1E6,IF(ABS(AB29)>=1E3,AB29/1E3,AB29)))),"#,##0.000")&IF((IF(ABS(AB29)>=1E12,"TB",IF(ABS(AB29)>=1E9,"GB",IF(ABS(AB29)>=1E6,"MB",IF(ABS(AB29)>=1E3,"KB","bytes")))))="",""," "&(IF(ABS(AB29)>=1E12,"TB",IF(ABS(AB29)>=1E9,"GB",IF(ABS(AB29)>=1E6,"MB",IF(ABS(AB29)>=1E3,"KB","bytes")))))) -> 0.000 B | J29: FP8/BF16 Indexer projection weights | K29: BF16 projected features; FP32 scoring | L29: Indexer Q 和令牌权重投影；仅 ratio-4 层使用。 | U29: =ShortLayers*(((QLoraRank)*(TP1LocalIndexHeads*IndexHeadDim)*FP8Bytes+ROUNDUP((QLoraRank)/FP8Block,0)*ROUNDUP((TP1LocalIndexHeads*IndexHeadDim)/FP8Block,0)*ScaleBytes)+HiddenSize*TP1LocalIndexHeads*BF16Bytes) -> 187181568 | V29: =2*PF_Rows*ShortLayers*(QLoraRank*TP1LocalIndexHeads*IndexHeadDim+HiddenSize*TP1LocalIndexHeads) -> 2976412336128 | W29: =(ShortLayers*(((QLoraRank)*(TP1LocalIndexHeads*IndexHeadDim)*FP8Bytes+ROUNDUP((QLoraRank)/FP8Block,0)*ROUNDUP((TP1LocalIndexHeads*IndexHeadDim)/FP8Block,0)*ScaleBytes)+HiddenSize*TP1LocalIndexHeads*BF16Bytes)+PF_Rows*ShortLayers*(QLoraRank+HiddenSize)*BF16Bytes)+(PF_Rows*ShortLayers*TP1LocalIndexHeads*(IndexHeadDim+1)*BF16Bytes) -> 4789381632 | X29: =ShortLayers*(((QLoraRank)*(TP8LocalIndexHeads*IndexHeadDim)*FP8Bytes+ROUNDUP((QLoraRank)/FP8Block,0)*ROUNDUP((TP8LocalIndexHeads*IndexHeadDim)/FP8Block,0)*ScaleBytes)+HiddenSize*TP8LocalIndexHeads*BF16Bytes) -> 23397696 | Y29: =2*PF_Rows*ShortLayers*(QLoraRank*TP8LocalIndexHeads*IndexHeadDim+HiddenSize*TP8LocalIndexHeads) -> 372051542016 | Z29: =(ShortLayers*(((QLoraRank)*(TP8LocalIndexHeads*IndexHeadDim)*FP8Bytes+ROUNDUP((QLoraRank)/FP8Block,0)*ROUNDUP((TP8LocalIndexHeads*IndexHeadDim)/FP8Block,0)*ScaleBytes)+HiddenSize*TP8LocalIndexHeads*BF16Bytes)+PF_Rows*ShortLayers*(QLoraRank+HiddenSize)*BF16Bytes)+(PF_Rows*ShortLayers*TP8LocalIndexHeads*(IndexHeadDim+1)*BF16Bytes) -> 2140079424 | AA29: =0 -> 0 | AB29: =0 -> 0
A30: Attention | B30: Ratio-4 Indexer score scan | C30: Short-compression layers | D30: =TEXT(IF(ABS(U30)>=1E12,U30/1E12,IF(ABS(U30)>=1E9,U30/1E9,IF(ABS(U30)>=1E6,U30/1E6,IF(ABS(U30)>=1E3,U30/1E3,U30)))),"#,##0.000")&IF((IF(ABS(U30)>=1E12,"TB",IF(ABS(U30)>=1E9,"GB",IF(ABS(U30)>=1E6,"MB",IF(ABS(U30)>=1E3,"KB","bytes")))))="",""," "&(IF(ABS(U30)>=1E12,"TB",IF(ABS(U30)>=1E9,"GB",IF(ABS(U30)>=1E6,"MB",IF(ABS(U30)>=1E3,"KB","bytes")))))) -> 0.000 B | E30: =TEXT(IF(ABS(V30)>=1E15,V30/1E15,IF(ABS(V30)>=1E12,V30/1E12,IF(ABS(V30)>=1E9,V30/1E9,IF(ABS(V30)>=1E6,V30/1E6,V30)))),"#,##0.000")&IF((IF(ABS(V30)>=1E15,"PFLOPs",IF(ABS(V30)>=1E12,"TFLOPs",IF(ABS(V30)>=1E9,"GFLOPs",IF(ABS(V30)>=1E6,"MFLOPs","flops")))))="",""," "&(IF(ABS(V30)>=1E15,"PFLOPs",IF(ABS(V30)>=1E12,"TFLOPs",IF(ABS(V30)>=1E9,"GFLOPs",IF(ABS(V30)>=1E6,"MFLOPs","flops")))))) -> 2.886 TFLOPs | F30: =TEXT(IF(ABS(AA30)>=1E12,AA30/1E12,IF(ABS(AA30)>=1E9,AA30/1E9,IF(ABS(AA30)>=1E6,AA30/1E6,IF(ABS(AA30)>=1E3,AA30/1E3,AA30)))),"#,##0.000")&IF((IF(ABS(AA30)>=1E12,"TB",IF(ABS(AA30)>=1E9,"GB",IF(ABS(AA30)>=1E6,"MB",IF(ABS(AA30)>=1E3,"KB","bytes")))))="",""," "&(IF(ABS(AA30)>=1E12,"TB",IF(ABS(AA30)>=1E9,"GB",IF(ABS(AA30)>=1E6,"MB",IF(ABS(AA30)>=1E3,"KB","bytes")))))) -> 0.000 B | G30: =TEXT(IF(ABS(X30)>=1E12,X30/1E12,IF(ABS(X30)>=1E9,X30/1E9,IF(ABS(X30)>=1E6,X30/1E6,IF(ABS(X30)>=1E3,X30/1E3,X30)))),"#,##0.000")&IF((IF(ABS(X30)>=1E12,"TB",IF(ABS(X30)>=1E9,"GB",IF(ABS(X30)>=1E6,"MB",IF(ABS(X30)>=1E3,"KB","bytes")))))="",""," "&(IF(ABS(X30)>=1E12,"TB",IF(ABS(X30)>=1E9,"GB",IF(ABS(X30)>=1E6,"MB",IF(ABS(X30)>=1E3,"KB","bytes")))))) -> 0.000 B | H30: =TEXT(IF(ABS(Y30)>=1E15,Y30/1E15,IF(ABS(Y30)>=1E12,Y30/1E12,IF(ABS(Y30)>=1E9,Y30/1E9,IF(ABS(Y30)>=1E6,Y30/1E6,Y30)))),"#,##0.000")&IF((IF(ABS(Y30)>=1E15,"PFLOPs",IF(ABS(Y30)>=1E12,"TFLOPs",IF(ABS(Y30)>=1E9,"GFLOPs",IF(ABS(Y30)>=1E6,"MFLOPs","flops")))))="",""," "&(IF(ABS(Y30)>=1E15,"PFLOPs",IF(ABS(Y30)>=1E12,"TFLOPs",IF(ABS(Y30)>=1E9,"GFLOPs",IF(ABS(Y30)>=1E6,"MFLOPs","flops")))))) -> 360.689 GFLOPs | I30: =TEXT(IF(ABS(AB30)>=1E12,AB30/1E12,IF(ABS(AB30)>=1E9,AB30/1E9,IF(ABS(AB30)>=1E6,AB30/1E6,IF(ABS(AB30)>=1E3,AB30/1E3,AB30)))),"#,##0.000")&IF((IF(ABS(AB30)>=1E12,"TB",IF(ABS(AB30)>=1E9,"GB",IF(ABS(AB30)>=1E6,"MB",IF(ABS(AB30)>=1E3,"KB","bytes")))))="",""," "&(IF(ABS(AB30)>=1E12,"TB",IF(ABS(AB30)>=1E9,"GB",IF(ABS(AB30)>=1E6,"MB",IF(ABS(AB30)>=1E3,"KB","bytes")))))) -> 0.000 B | J30: N/A | K30: BF16 compressed entries; FP32 scores | L30: 在选取 Top-K 前扫描所有已完成的 ratio-4 索引条目。 | U30: =0 -> 0 | V30: =2*PrefillBatch*ShortLayers*TP1LocalIndexHeads*IndexHeadDim*PF_IndexPairs -> 2885513379840 | W30: =(PrefillBatch*ShortLayers*PF_IndexPairs*(IndexHeadDim*BF16Bytes+TP1LocalIndexHeads*BF16Bytes))+(PrefillBatch*ShortLayers*PF_IndexPairs*(TP1LocalIndexHeads*BF16Bytes+FP32Bytes)) -> 90876764160 | X30: =0 -> 0 | Y30: =2*PrefillBatch*ShortLayers*TP8LocalIndexHeads*IndexHeadDim*PF_IndexPairs -> 360689172480 | Z30: =(PrefillBatch*ShortLayers*PF_IndexPairs*(IndexHeadDim*BF16Bytes+TP8LocalIndexHeads*BF16Bytes))+(PrefillBatch*ShortLayers*PF_IndexPairs*(TP8LocalIndexHeads*BF16Bytes+FP32Bytes)) -> 51426385920 | AA30: =0 -> 0 | AB30: =0 -> 0
A31: Attention | B31: Short-compression KV compressor | C31: Ratio-4 short-compression layers | D31: =TEXT(IF(ABS(U31)>=1E12,U31/1E12,IF(ABS(U31)>=1E9,U31/1E9,IF(ABS(U31)>=1E6,U31/1E6,IF(ABS(U31)>=1E3,U31/1E3,U31)))),"#,##0.000")&IF((IF(ABS(U31)>=1E12,"TB",IF(ABS(U31)>=1E9,"GB",IF(ABS(U31)>=1E6,"MB",IF(ABS(U31)>=1E3,"KB","bytes")))))="",""," "&(IF(ABS(U31)>=1E12,"TB",IF(ABS(U31)>=1E9,"GB",IF(ABS(U31)>=1E6,"MB",IF(ABS(U31)>=1E3,"KB","bytes")))))) -> 705.030 MB | E31: =TEXT(IF(ABS(V31)>=1E15,V31/1E15,IF(ABS(V31)>=1E12,V31/1E12,IF(ABS(V31)>=1E9,V31/1E9,IF(ABS(V31)>=1E6,V31/1E6,V31)))),"#,##0.000")&IF((IF(ABS(V31)>=1E15,"PFLOPs",IF(ABS(V31)>=1E12,"TFLOPs",IF(ABS(V31)>=1E9,"GFLOPs",IF(ABS(V31)>=1E6,"MFLOPs","flops")))))="",""," "&(IF(ABS(V31)>=1E15,"PFLOPs",IF(ABS(V31)>=1E12,"TFLOPs",IF(ABS(V31)>=1E9,"GFLOPs",IF(ABS(V31)>=1E6,"MFLOPs","flops")))))) -> 2.886 TFLOPs | F31: =TEXT(IF(ABS(AA31)>=1E12,AA31/1E12,IF(ABS(AA31)>=1E9,AA31/1E9,IF(ABS(AA31)>=1E6,AA31/1E6,IF(ABS(AA31)>=1E3,AA31/1E3,AA31)))),"#,##0.000")&IF((IF(ABS(AA31)>=1E12,"TB",IF(ABS(AA31)>=1E9,"GB",IF(ABS(AA31)>=1E6,"MB",IF(ABS(AA31)>=1E3,"KB","bytes")))))="",""," "&(IF(ABS(AA31)>=1E12,"TB",IF(ABS(AA31)>=1E9,"GB",IF(ABS(AA31)>=1E6,"MB",IF(ABS(AA31)>=1E3,"KB","bytes")))))) -> 0.000 B | G31: =TEXT(IF(ABS(X31)>=1E12,X31/1E12,IF(ABS(X31)>=1E9,X31/1E9,IF(ABS(X31)>=1E6,X31/1E6,IF(ABS(X31)>=1E3,X31/1E3,X31)))),"#,##0.000")&IF((IF(ABS(X31)>=1E12,"TB",IF(ABS(X31)>=1E9,"GB",IF(ABS(X31)>=1E6,"MB",IF(ABS(X31)>=1E3,"KB","bytes")))))="",""," "&(IF(ABS(X31)>=1E12,"TB",IF(ABS(X31)>=1E9,"GB",IF(ABS(X31)>=1E6,"MB",IF(ABS(X31)>=1E3,"KB","bytes")))))) -> 705.030 MB | H31: =TEXT(IF(ABS(Y31)>=1E15,Y31/1E15,IF(ABS(Y31)>=1E12,Y31/1E12,IF(ABS(Y31)>=1E9,Y31/1E9,IF(ABS(Y31)>=1E6,Y31/1E6,Y31)))),"#,##0.000")&IF((IF(ABS(Y31)>=1E15,"PFLOPs",IF(ABS(Y31)>=1E12,"TFLOPs",IF(ABS(Y31)>=1E9,"GFLOPs",IF(ABS(Y31)>=1E6,"MFLOPs","flops")))))="",""," "&(IF(ABS(Y31)>=1E15,"PFLOPs",IF(ABS(Y31)>=1E12,"TFLOPs",IF(ABS(Y31)>=1E9,"GFLOPs",IF(ABS(Y31)>=1E6,"MFLOPs","flops")))))) -> 2.886 TFLOPs | I31: =TEXT(IF(ABS(AB31)>=1E12,AB31/1E12,IF(ABS(AB31)>=1E9,AB31/1E9,IF(ABS(AB31)>=1E6,AB31/1E6,IF(ABS(AB31)>=1E3,AB31/1E3,AB31)))),"#,##0.000")&IF((IF(ABS(AB31)>=1E12,"TB",IF(ABS(AB31)>=1E9,"GB",IF(ABS(AB31)>=1E6,"MB",IF(ABS(AB31)>=1E3,"KB","bytes")))))="",""," "&(IF(ABS(AB31)>=1E12,"TB",IF(ABS(AB31)>=1E9,"GB",IF(ABS(AB31)>=1E6,"MB",IF(ABS(AB31)>=1E3,"KB","bytes")))))) -> 0.000 B | J31: FP32 Compressor parameters | K31: FP32 compression; BF16 KV output | L31: 每个 TP Rank 都复制；ratio-4 使用重叠的 2 倍投影。 | U31: =ShortLayers*(2*HiddenSize*(2*HeadDim)*FP32Bytes+ShortRatio*2*HeadDim*FP32Bytes+HeadDim*FP32Bytes) -> 705030144 | V31: =PF_Rows*ShortLayers*8*HiddenSize*HeadDim -> 2886218022912 | W31: =(ShortLayers*(2*HiddenSize*(2*HeadDim)*FP32Bytes+ShortRatio*2*HeadDim*FP32Bytes+HeadDim*FP32Bytes)+PF_Rows*ShortLayers*HiddenSize*FP32Bytes)+(PF_Rows*ShortLayers*4*HeadDim*FP32Bytes) -> 4932888576 | X31: =ShortLayers*(2*HiddenSize*(2*HeadDim)*FP32Bytes+ShortRatio*2*HeadDim*FP32Bytes+HeadDim*FP32Bytes) -> 705030144 | Y31: =PF_Rows*ShortLayers*8*HiddenSize*HeadDim -> 2886218022912 | Z31: =(ShortLayers*(2*HiddenSize*(2*HeadDim)*FP32Bytes+ShortRatio*2*HeadDim*FP32Bytes+HeadDim*FP32Bytes)+PF_Rows*ShortLayers*HiddenSize*FP32Bytes)+(PF_Rows*ShortLayers*4*HeadDim*FP32Bytes) -> 4932888576 | AA31: =0 -> 0 | AB31: =0 -> 0
A32: Attention | B32: Long-compression KV compressor | C32: Ratio-128 long-compression layers | D32: =TEXT(IF(ABS(U32)>=1E12,U32/1E12,IF(ABS(U32)>=1E9,U32/1E9,IF(ABS(U32)>=1E6,U32/1E6,IF(ABS(U32)>=1E3,U32/1E3,U32)))),"#,##0.000")&IF((IF(ABS(U32)>=1E12,"TB",IF(ABS(U32)>=1E9,"GB",IF(ABS(U32)>=1E6,"MB",IF(ABS(U32)>=1E3,"KB","bytes")))))="",""," "&(IF(ABS(U32)>=1E12,"TB",IF(ABS(U32)>=1E9,"GB",IF(ABS(U32)>=1E6,"MB",IF(ABS(U32)>=1E3,"KB","bytes")))))) -> 340.828 MB | E32: =TEXT(IF(ABS(V32)>=1E15,V32/1E15,IF(ABS(V32)>=1E12,V32/1E12,IF(ABS(V32)>=1E9,V32/1E9,IF(ABS(V32)>=1E6,V32/1E6,V32)))),"#,##0.000")&IF((IF(ABS(V32)>=1E15,"PFLOPs",IF(ABS(V32)>=1E12,"TFLOPs",IF(ABS(V32)>=1E9,"GFLOPs",IF(ABS(V32)>=1E6,"MFLOPs","flops")))))="",""," "&(IF(ABS(V32)>=1E15,"PFLOPs",IF(ABS(V32)>=1E12,"TFLOPs",IF(ABS(V32)>=1E9,"GFLOPs",IF(ABS(V32)>=1E6,"MFLOPs","flops")))))) -> 1.374 TFLOPs | F32: =TEXT(IF(ABS(AA32)>=1E12,AA32/1E12,IF(ABS(AA32)>=1E9,AA32/1E9,IF(ABS(AA32)>=1E6,AA32/1E6,IF(ABS(AA32)>=1E3,AA32/1E3,AA32)))),"#,##0.000")&IF((IF(ABS(AA32)>=1E12,"TB",IF(ABS(AA32)>=1E9,"GB",IF(ABS(AA32)>=1E6,"MB",IF(ABS(AA32)>=1E3,"KB","bytes")))))="",""," "&(IF(ABS(AA32)>=1E12,"TB",IF(ABS(AA32)>=1E9,"GB",IF(ABS(AA32)>=1E6,"MB",IF(ABS(AA32)>=1E3,"KB","bytes")))))) -> 0.000 B | G32: =TEXT(IF(ABS(X32)>=1E12,X32/1E12,IF(ABS(X32)>=1E9,X32/1E9,IF(ABS(X32)>=1E6,X32/1E6,IF(ABS(X32)>=1E3,X32/1E3,X32)))),"#,##0.000")&IF((IF(ABS(X32)>=1E12,"TB",IF(ABS(X32)>=1E9,"GB",IF(ABS(X32)>=1E6,"MB",IF(ABS(X32)>=1E3,"KB","bytes")))))="",""," "&(IF(ABS(X32)>=1E12,"TB",IF(ABS(X32)>=1E9,"GB",IF(ABS(X32)>=1E6,"MB",IF(ABS(X32)>=1E3,"KB","bytes")))))) -> 340.828 MB | H32: =TEXT(IF(ABS(Y32)>=1E15,Y32/1E15,IF(ABS(Y32)>=1E12,Y32/1E12,IF(ABS(Y32)>=1E9,Y32/1E9,IF(ABS(Y32)>=1E6,Y32/1E6,Y32)))),"#,##0.000")&IF((IF(ABS(Y32)>=1E15,"PFLOPs",IF(ABS(Y32)>=1E12,"TFLOPs",IF(ABS(Y32)>=1E9,"GFLOPs",IF(ABS(Y32)>=1E6,"MFLOPs","flops")))))="",""," "&(IF(ABS(Y32)>=1E15,"PFLOPs",IF(ABS(Y32)>=1E12,"TFLOPs",IF(ABS(Y32)>=1E9,"GFLOPs",IF(ABS(Y32)>=1E6,"MFLOPs","flops")))))) -> 1.374 TFLOPs | I32: =TEXT(IF(ABS(AB32)>=1E12,AB32/1E12,IF(ABS(AB32)>=1E9,AB32/1E9,IF(ABS(AB32)>=1E6,AB32/1E6,IF(ABS(AB32)>=1E3,AB32/1E3,AB32)))),"#,##0.000")&IF((IF(ABS(AB32)>=1E12,"TB",IF(ABS(AB32)>=1E9,"GB",IF(ABS(AB32)>=1E6,"MB",IF(ABS(AB32)>=1E3,"KB","bytes")))))="",""," "&(IF(ABS(AB32)>=1E12,"TB",IF(ABS(AB32)>=1E9,"GB",IF(ABS(AB32)>=1E6,"MB",IF(ABS(AB32)>=1E3,"KB","bytes")))))) -> 0.000 B | J32: FP32 Compressor parameters | K32: FP32 compression; BF16 KV output | L32: 每个 TP Rank 都复制；ratio-128 使用非重叠压缩。 | U32: =LongLayers*(2*HiddenSize*HeadDim*FP32Bytes+LongRatio*HeadDim*FP32Bytes+HeadDim*FP32Bytes) -> 340828160 | V32: =PF_Rows*LongLayers*4*HiddenSize*HeadDim -> 1374389534720 | W32: =(LongLayers*(2*HiddenSize*HeadDim*FP32Bytes+LongRatio*HeadDim*FP32Bytes+HeadDim*FP32Bytes)+PF_Rows*LongLayers*HiddenSize*FP32Bytes)+(PF_Rows*LongLayers*2*HeadDim*FP32Bytes) -> 3696271360 | X32: =LongLayers*(2*HiddenSize*HeadDim*FP32Bytes+LongRatio*HeadDim*FP32Bytes+HeadDim*FP32Bytes) -> 340828160 | Y32: =PF_Rows*LongLayers*4*HiddenSize*HeadDim -> 1374389534720 | Z32: =(LongLayers*(2*HiddenSize*HeadDim*FP32Bytes+LongRatio*HeadDim*FP32Bytes+HeadDim*FP32Bytes)+PF_Rows*LongLayers*HiddenSize*FP32Bytes)+(PF_Rows*LongLayers*2*HeadDim*FP32Bytes) -> 3696271360 | AA32: =0 -> 0 | AB32: =0 -> 0
A33: Attention | B33: Indexer compressor projections | C33: Short-compression layers | D33: =TEXT(IF(ABS(U33)>=1E12,U33/1E12,IF(ABS(U33)>=1E9,U33/1E9,IF(ABS(U33)>=1E6,U33/1E6,IF(ABS(U33)>=1E3,U33/1E3,U33)))),"#,##0.000")&IF((IF(ABS(U33)>=1E12,"TB",IF(ABS(U33)>=1E9,"GB",IF(ABS(U33)>=1E6,"MB",IF(ABS(U33)>=1E3,"KB","bytes")))))="",""," "&(IF(ABS(U33)>=1E12,"TB",IF(ABS(U33)>=1E9,"GB",IF(ABS(U33)>=1E6,"MB",IF(ABS(U33)>=1E3,"KB","bytes")))))) -> 176.258 MB | E33: =TEXT(IF(ABS(V33)>=1E15,V33/1E15,IF(ABS(V33)>=1E12,V33/1E12,IF(ABS(V33)>=1E9,V33/1E9,IF(ABS(V33)>=1E6,V33/1E6,V33)))),"#,##0.000")&IF((IF(ABS(V33)>=1E15,"PFLOPs",IF(ABS(V33)>=1E12,"TFLOPs",IF(ABS(V33)>=1E9,"GFLOPs",IF(ABS(V33)>=1E6,"MFLOPs","flops")))))="",""," "&(IF(ABS(V33)>=1E15,"PFLOPs",IF(ABS(V33)>=1E12,"TFLOPs",IF(ABS(V33)>=1E9,"GFLOPs",IF(ABS(V33)>=1E6,"MFLOPs","flops")))))) -> 721.555 GFLOPs | F33: =TEXT(IF(ABS(AA33)>=1E12,AA33/1E12,IF(ABS(AA33)>=1E9,AA33/1E9,IF(ABS(AA33)>=1E6,AA33/1E6,IF(ABS(AA33)>=1E3,AA33/1E3,AA33)))),"#,##0.000")&IF((IF(ABS(AA33)>=1E12,"TB",IF(ABS(AA33)>=1E9,"GB",IF(ABS(AA33)>=1E6,"MB",IF(ABS(AA33)>=1E3,"KB","bytes")))))="",""," "&(IF(ABS(AA33)>=1E12,"TB",IF(ABS(AA33)>=1E9,"GB",IF(ABS(AA33)>=1E6,"MB",IF(ABS(AA33)>=1E3,"KB","bytes")))))) -> 0.000 B | G33: =TEXT(IF(ABS(X33)>=1E12,X33/1E12,IF(ABS(X33)>=1E9,X33/1E9,IF(ABS(X33)>=1E6,X33/1E6,IF(ABS(X33)>=1E3,X33/1E3,X33)))),"#,##0.000")&IF((IF(ABS(X33)>=1E12,"TB",IF(ABS(X33)>=1E9,"GB",IF(ABS(X33)>=1E6,"MB",IF(ABS(X33)>=1E3,"KB","bytes")))))="",""," "&(IF(ABS(X33)>=1E12,"TB",IF(ABS(X33)>=1E9,"GB",IF(ABS(X33)>=1E6,"MB",IF(ABS(X33)>=1E3,"KB","bytes")))))) -> 176.258 MB | H33: =TEXT(IF(ABS(Y33)>=1E15,Y33/1E15,IF(ABS(Y33)>=1E12,Y33/1E12,IF(ABS(Y33)>=1E9,Y33/1E9,IF(ABS(Y33)>=1E6,Y33/1E6,Y33)))),"#,##0.000")&IF((IF(ABS(Y33)>=1E15,"PFLOPs",IF(ABS(Y33)>=1E12,"TFLOPs",IF(ABS(Y33)>=1E9,"GFLOPs",IF(ABS(Y33)>=1E6,"MFLOPs","flops")))))="",""," "&(IF(ABS(Y33)>=1E15,"PFLOPs",IF(ABS(Y33)>=1E12,"TFLOPs",IF(ABS(Y33)>=1E9,"GFLOPs",IF(ABS(Y33)>=1E6,"MFLOPs","flops")))))) -> 721.555 GFLOPs | I33: =TEXT(IF(ABS(AB33)>=1E12,AB33/1E12,IF(ABS(AB33)>=1E9,AB33/1E9,IF(ABS(AB33)>=1E6,AB33/1E6,IF(ABS(AB33)>=1E3,AB33/1E3,AB33)))),"#,##0.000")&IF((IF(ABS(AB33)>=1E12,"TB",IF(ABS(AB33)>=1E9,"GB",IF(ABS(AB33)>=1E6,"MB",IF(ABS(AB33)>=1E3,"KB","bytes")))))="",""," "&(IF(ABS(AB33)>=1E12,"TB",IF(ABS(AB33)>=1E9,"GB",IF(ABS(AB33)>=1E6,"MB",IF(ABS(AB33)>=1E3,"KB","bytes")))))) -> 0.000 B | J33: FP32 Indexer Compressor parameters | K33: FP32 compression; BF16 Indexer KV | L33: 复制的辅助 Compressor，用于构建 Indexer 缓存。 | U33: =ShortLayers*(2*HiddenSize*(2*IndexHeadDim)*FP32Bytes+ShortRatio*2*IndexHeadDim*FP32Bytes+IndexHeadDim*FP32Bytes) -> 176257536 | V33: =PF_Rows*ShortLayers*8*HiddenSize*IndexHeadDim -> 721554505728 | W33: =(ShortLayers*(2*HiddenSize*(2*IndexHeadDim)*FP32Bytes+ShortRatio*2*IndexHeadDim*FP32Bytes+IndexHeadDim*FP32Bytes)+PF_Rows*ShortLayers*HiddenSize*FP32Bytes)+(PF_Rows*ShortLayers*4*IndexHeadDim*FP32Bytes) -> 3347151360 | X33: =ShortLayers*(2*HiddenSize*(2*IndexHeadDim)*FP32Bytes+ShortRatio*2*IndexHeadDim*FP32Bytes+IndexHeadDim*FP32Bytes) -> 176257536 | Y33: =PF_Rows*ShortLayers*8*HiddenSize*IndexHeadDim -> 721554505728 | Z33: =(ShortLayers*(2*HiddenSize*(2*IndexHeadDim)*FP32Bytes+ShortRatio*2*IndexHeadDim*FP32Bytes+IndexHeadDim*FP32Bytes)+PF_Rows*ShortLayers*HiddenSize*FP32Bytes)+(PF_Rows*ShortLayers*4*IndexHeadDim*FP32Bytes) -> 3347151360 | AA33: =0 -> 0 | AB33: =0 -> 0
A34: Attention | B34: Attention collectives | C34: Each Transformer block | D34: =TEXT(IF(ABS(U34)>=1E12,U34/1E12,IF(ABS(U34)>=1E9,U34/1E9,IF(ABS(U34)>=1E6,U34/1E6,IF(ABS(U34)>=1E3,U34/1E3,U34)))),"#,##0.000")&IF((IF(ABS(U34)>=1E12,"TB",IF(ABS(U34)>=1E9,"GB",IF(ABS(U34)>=1E6,"MB",IF(ABS(U34)>=1E3,"KB","bytes")))))="",""," "&(IF(ABS(U34)>=1E12,"TB",IF(ABS(U34)>=1E9,"GB",IF(ABS(U34)>=1E6,"MB",IF(ABS(U34)>=1E3,"KB","bytes")))))) -> 0.000 B | E34: =TEXT(IF(ABS(V34)>=1E15,V34/1E15,IF(ABS(V34)>=1E12,V34/1E12,IF(ABS(V34)>=1E9,V34/1E9,IF(ABS(V34)>=1E6,V34/1E6,V34)))),"#,##0.000")&IF((IF(ABS(V34)>=1E15,"PFLOPs",IF(ABS(V34)>=1E12,"TFLOPs",IF(ABS(V34)>=1E9,"GFLOPs",IF(ABS(V34)>=1E6,"MFLOPs","flops")))))="",""," "&(IF(ABS(V34)>=1E15,"PFLOPs",IF(ABS(V34)>=1E12,"TFLOPs",IF(ABS(V34)>=1E9,"GFLOPs",IF(ABS(V34)>=1E6,"MFLOPs","flops")))))) -> 0.000 FLOPs | F34: =TEXT(IF(ABS(AA34)>=1E12,AA34/1E12,IF(ABS(AA34)>=1E9,AA34/1E9,IF(ABS(AA34)>=1E6,AA34/1E6,IF(ABS(AA34)>=1E3,AA34/1E3,AA34)))),"#,##0.000")&IF((IF(ABS(AA34)>=1E12,"TB",IF(ABS(AA34)>=1E9,"GB",IF(ABS(AA34)>=1E6,"MB",IF(ABS(AA34)>=1E3,"KB","bytes")))))="",""," "&(IF(ABS(AA34)>=1E12,"TB",IF(ABS(AA34)>=1E9,"GB",IF(ABS(AA34)>=1E6,"MB",IF(ABS(AA34)>=1E3,"KB","bytes")))))) -> 0.000 B | G34: =TEXT(IF(ABS(X34)>=1E12,X34/1E12,IF(ABS(X34)>=1E9,X34/1E9,IF(ABS(X34)>=1E6,X34/1E6,IF(ABS(X34)>=1E3,X34/1E3,X34)))),"#,##0.000")&IF((IF(ABS(X34)>=1E12,"TB",IF(ABS(X34)>=1E9,"GB",IF(ABS(X34)>=1E6,"MB",IF(ABS(X34)>=1E3,"KB","bytes")))))="",""," "&(IF(ABS(X34)>=1E12,"TB",IF(ABS(X34)>=1E9,"GB",IF(ABS(X34)>=1E6,"MB",IF(ABS(X34)>=1E3,"KB","bytes")))))) -> 0.000 B | H34: =TEXT(IF(ABS(Y34)>=1E15,Y34/1E15,IF(ABS(Y34)>=1E12,Y34/1E12,IF(ABS(Y34)>=1E9,Y34/1E9,IF(ABS(Y34)>=1E6,Y34/1E6,Y34)))),"#,##0.000")&IF((IF(ABS(Y34)>=1E15,"PFLOPs",IF(ABS(Y34)>=1E12,"TFLOPs",IF(ABS(Y34)>=1E9,"GFLOPs",IF(ABS(Y34)>=1E6,"MFLOPs","flops")))))="",""," "&(IF(ABS(Y34)>=1E15,"PFLOPs",IF(ABS(Y34)>=1E12,"TFLOPs",IF(ABS(Y34)>=1E9,"GFLOPs",IF(ABS(Y34)>=1E6,"MFLOPs","flops")))))) -> 0.000 FLOPs | I34: =TEXT(IF(ABS(AB34)>=1E12,AB34/1E12,IF(ABS(AB34)>=1E9,AB34/1E9,IF(ABS(AB34)>=1E6,AB34/1E6,IF(ABS(AB34)>=1E3,AB34/1E3,AB34)))),"#,##0.000")&IF((IF(ABS(AB34)>=1E12,"TB",IF(ABS(AB34)>=1E9,"GB",IF(ABS(AB34)>=1E6,"MB",IF(ABS(AB34)>=1E3,"KB","bytes")))))="",""," "&(IF(ABS(AB34)>=1E12,"TB",IF(ABS(AB34)>=1E9,"GB",IF(ABS(AB34)>=1E6,"MB",IF(ABS(AB34)>=1E3,"KB","bytes")))))) -> 20.200 GB | J34: N/A | K34: BF16/FP32 collective payload | L34: 每个 Transformer block 的 Attention 隐藏状态集合通信；TP=1 时为零。 | U34: =0 -> 0 | V34: =0 -> 0 | W34: =(0)+(0) -> 0 | X34: =0 -> 0 | Y34: =0 -> 0 | Z34: =(0)+(0) -> 0 | AA34: =4*(TP1Size-1)/TP1Size*PF_Rows*HiddenSize*FP32Bytes*TotalLayers -> 0 | AB34: =4*(TP8Size-1)/TP8Size*PF_Rows*HiddenSize*FP32Bytes*TotalLayers -> 20199768064
A35: Attention | B35: Prefill effective main KV | C35: Scenario cache/state | D35: =TEXT(IF(ABS(U35)>=1E12,U35/1E12,IF(ABS(U35)>=1E9,U35/1E9,IF(ABS(U35)>=1E6,U35/1E6,IF(ABS(U35)>=1E3,U35/1E3,U35)))),"#,##0.000")&IF((IF(ABS(U35)>=1E12,"TB",IF(ABS(U35)>=1E9,"GB",IF(ABS(U35)>=1E6,"MB",IF(ABS(U35)>=1E3,"KB","bytes")))))="",""," "&(IF(ABS(U35)>=1E12,"TB",IF(ABS(U35)>=1E9,"GB",IF(ABS(U35)>=1E6,"MB",IF(ABS(U35)>=1E3,"KB","bytes")))))) -> 50.987 MB | E35: =TEXT(IF(ABS(V35)>=1E15,V35/1E15,IF(ABS(V35)>=1E12,V35/1E12,IF(ABS(V35)>=1E9,V35/1E9,IF(ABS(V35)>=1E6,V35/1E6,V35)))),"#,##0.000")&IF((IF(ABS(V35)>=1E15,"PFLOPs",IF(ABS(V35)>=1E12,"TFLOPs",IF(ABS(V35)>=1E9,"GFLOPs",IF(ABS(V35)>=1E6,"MFLOPs","flops")))))="",""," "&(IF(ABS(V35)>=1E15,"PFLOPs",IF(ABS(V35)>=1E12,"TFLOPs",IF(ABS(V35)>=1E9,"GFLOPs",IF(ABS(V35)>=1E6,"MFLOPs","flops")))))) -> 0.000 FLOPs | F35: =TEXT(IF(ABS(AA35)>=1E12,AA35/1E12,IF(ABS(AA35)>=1E9,AA35/1E9,IF(ABS(AA35)>=1E6,AA35/1E6,IF(ABS(AA35)>=1E3,AA35/1E3,AA35)))),"#,##0.000")&IF((IF(ABS(AA35)>=1E12,"TB",IF(ABS(AA35)>=1E9,"GB",IF(ABS(AA35)>=1E6,"MB",IF(ABS(AA35)>=1E3,"KB","bytes")))))="",""," "&(IF(ABS(AA35)>=1E12,"TB",IF(ABS(AA35)>=1E9,"GB",IF(ABS(AA35)>=1E6,"MB",IF(ABS(AA35)>=1E3,"KB","bytes")))))) -> 0.000 B | G35: =TEXT(IF(ABS(X35)>=1E12,X35/1E12,IF(ABS(X35)>=1E9,X35/1E9,IF(ABS(X35)>=1E6,X35/1E6,IF(ABS(X35)>=1E3,X35/1E3,X35)))),"#,##0.000")&IF((IF(ABS(X35)>=1E12,"TB",IF(ABS(X35)>=1E9,"GB",IF(ABS(X35)>=1E6,"MB",IF(ABS(X35)>=1E3,"KB","bytes")))))="",""," "&(IF(ABS(X35)>=1E12,"TB",IF(ABS(X35)>=1E9,"GB",IF(ABS(X35)>=1E6,"MB",IF(ABS(X35)>=1E3,"KB","bytes")))))) -> 50.987 MB | H35: =TEXT(IF(ABS(Y35)>=1E15,Y35/1E15,IF(ABS(Y35)>=1E12,Y35/1E12,IF(ABS(Y35)>=1E9,Y35/1E9,IF(ABS(Y35)>=1E6,Y35/1E6,Y35)))),"#,##0.000")&IF((IF(ABS(Y35)>=1E15,"PFLOPs",IF(ABS(Y35)>=1E12,"TFLOPs",IF(ABS(Y35)>=1E9,"GFLOPs",IF(ABS(Y35)>=1E6,"MFLOPs","flops")))))="",""," "&(IF(ABS(Y35)>=1E15,"PFLOPs",IF(ABS(Y35)>=1E12,"TFLOPs",IF(ABS(Y35)>=1E9,"GFLOPs",IF(ABS(Y35)>=1E6,"MFLOPs","flops")))))) -> 0.000 FLOPs | I35: =TEXT(IF(ABS(AB35)>=1E12,AB35/1E12,IF(ABS(AB35)>=1E9,AB35/1E9,IF(ABS(AB35)>=1E6,AB35/1E6,IF(ABS(AB35)>=1E3,AB35/1E3,AB35)))),"#,##0.000")&IF((IF(ABS(AB35)>=1E12,"TB",IF(ABS(AB35)>=1E9,"GB",IF(ABS(AB35)>=1E6,"MB",IF(ABS(AB35)>=1E3,"KB","bytes")))))="",""," "&(IF(ABS(AB35)>=1E12,"TB",IF(ABS(AB35)>=1E9,"GB",IF(ABS(AB35)>=1E6,"MB",IF(ABS(AB35)>=1E3,"KB","bytes")))))) -> 0.000 B | J35: N/A | K35: BF16 main KV cache | L35: 预填充阶段已生成的主注意力 KV。 | U35: =PrefillBatch*HeadDim*BF16Bytes*(WindowLayers*MIN(PrefillSequence,WindowSize)+ShortLayers*(MIN(PrefillSequence,WindowSize)+INT(PrefillSequence/ShortRatio))+LongLayers*(MIN(PrefillSequence,WindowSize)+INT(PrefillSequence/LongRatio))) -> 50987008 | V35: =0 -> 0 | W35: =(0)+(0) -> 0 | X35: =PrefillBatch*HeadDim*BF16Bytes*(WindowLayers*MIN(PrefillSequence,WindowSize)+ShortLayers*(MIN(PrefillSequence,WindowSize)+INT(PrefillSequence/ShortRatio))+LongLayers*(MIN(PrefillSequence,WindowSize)+INT(PrefillSequence/LongRatio))) -> 50987008 | Y35: =0 -> 0 | Z35: =(0)+(0) -> 0 | AA35: =0 -> 0 | AB35: =0 -> 0
A36: Attention | B36: Prefill effective Indexer KV | C36: Scenario cache/state | D36: =TEXT(IF(ABS(U36)>=1E12,U36/1E12,IF(ABS(U36)>=1E9,U36/1E9,IF(ABS(U36)>=1E6,U36/1E6,IF(ABS(U36)>=1E3,U36/1E3,U36)))),"#,##0.000")&IF((IF(ABS(U36)>=1E12,"TB",IF(ABS(U36)>=1E9,"GB",IF(ABS(U36)>=1E6,"MB",IF(ABS(U36)>=1E3,"KB","bytes")))))="",""," "&(IF(ABS(U36)>=1E12,"TB",IF(ABS(U36)>=1E9,"GB",IF(ABS(U36)>=1E6,"MB",IF(ABS(U36)>=1E3,"KB","bytes")))))) -> 11.010 MB | E36: =TEXT(IF(ABS(V36)>=1E15,V36/1E15,IF(ABS(V36)>=1E12,V36/1E12,IF(ABS(V36)>=1E9,V36/1E9,IF(ABS(V36)>=1E6,V36/1E6,V36)))),"#,##0.000")&IF((IF(ABS(V36)>=1E15,"PFLOPs",IF(ABS(V36)>=1E12,"TFLOPs",IF(ABS(V36)>=1E9,"GFLOPs",IF(ABS(V36)>=1E6,"MFLOPs","flops")))))="",""," "&(IF(ABS(V36)>=1E15,"PFLOPs",IF(ABS(V36)>=1E12,"TFLOPs",IF(ABS(V36)>=1E9,"GFLOPs",IF(ABS(V36)>=1E6,"MFLOPs","flops")))))) -> 0.000 FLOPs | F36: =TEXT(IF(ABS(AA36)>=1E12,AA36/1E12,IF(ABS(AA36)>=1E9,AA36/1E9,IF(ABS(AA36)>=1E6,AA36/1E6,IF(ABS(AA36)>=1E3,AA36/1E3,AA36)))),"#,##0.000")&IF((IF(ABS(AA36)>=1E12,"TB",IF(ABS(AA36)>=1E9,"GB",IF(ABS(AA36)>=1E6,"MB",IF(ABS(AA36)>=1E3,"KB","bytes")))))="",""," "&(IF(ABS(AA36)>=1E12,"TB",IF(ABS(AA36)>=1E9,"GB",IF(ABS(AA36)>=1E6,"MB",IF(ABS(AA36)>=1E3,"KB","bytes")))))) -> 0.000 B | G36: =TEXT(IF(ABS(X36)>=1E12,X36/1E12,IF(ABS(X36)>=1E9,X36/1E9,IF(ABS(X36)>=1E6,X36/1E6,IF(ABS(X36)>=1E3,X36/1E3,X36)))),"#,##0.000")&IF((IF(ABS(X36)>=1E12,"TB",IF(ABS(X36)>=1E9,"GB",IF(ABS(X36)>=1E6,"MB",IF(ABS(X36)>=1E3,"KB","bytes")))))="",""," "&(IF(ABS(X36)>=1E12,"TB",IF(ABS(X36)>=1E9,"GB",IF(ABS(X36)>=1E6,"MB",IF(ABS(X36)>=1E3,"KB","bytes")))))) -> 11.010 MB | H36: =TEXT(IF(ABS(Y36)>=1E15,Y36/1E15,IF(ABS(Y36)>=1E12,Y36/1E12,IF(ABS(Y36)>=1E9,Y36/1E9,IF(ABS(Y36)>=1E6,Y36/1E6,Y36)))),"#,##0.000")&IF((IF(ABS(Y36)>=1E15,"PFLOPs",IF(ABS(Y36)>=1E12,"TFLOPs",IF(ABS(Y36)>=1E9,"GFLOPs",IF(ABS(Y36)>=1E6,"MFLOPs","flops")))))="",""," "&(IF(ABS(Y36)>=1E15,"PFLOPs",IF(ABS(Y36)>=1E12,"TFLOPs",IF(ABS(Y36)>=1E9,"GFLOPs",IF(ABS(Y36)>=1E6,"MFLOPs","flops")))))) -> 0.000 FLOPs | I36: =TEXT(IF(ABS(AB36)>=1E12,AB36/1E12,IF(ABS(AB36)>=1E9,AB36/1E9,IF(ABS(AB36)>=1E6,AB36/1E6,IF(ABS(AB36)>=1E3,AB36/1E3,AB36)))),"#,##0.000")&IF((IF(ABS(AB36)>=1E12,"TB",IF(ABS(AB36)>=1E9,"GB",IF(ABS(AB36)>=1E6,"MB",IF(ABS(AB36)>=1E3,"KB","bytes")))))="",""," "&(IF(ABS(AB36)>=1E12,"TB",IF(ABS(AB36)>=1E9,"GB",IF(ABS(AB36)>=1E6,"MB",IF(ABS(AB36)>=1E3,"KB","bytes")))))) -> 0.000 B | J36: N/A | K36: BF16 Indexer KV cache | L36: 预填充阶段已生成的 ratio-4 Indexer KV。 | U36: =PrefillBatch*ShortLayers*INT(PrefillSequence/ShortRatio)*IndexHeadDim*BF16Bytes -> 11010048 | V36: =0 -> 0 | W36: =(0)+(0) -> 0 | X36: =PrefillBatch*ShortLayers*INT(PrefillSequence/ShortRatio)*IndexHeadDim*BF16Bytes -> 11010048 | Y36: =0 -> 0 | Z36: =(0)+(0) -> 0 | AA36: =0 -> 0 | AB36: =0 -> 0
A37: Attention | B37: Prefill compressor states | C37: Scenario cache/state | D37: =TEXT(IF(ABS(U37)>=1E12,U37/1E12,IF(ABS(U37)>=1E9,U37/1E9,IF(ABS(U37)>=1E6,U37/1E6,IF(ABS(U37)>=1E3,U37/1E3,U37)))),"#,##0.000")&IF((IF(ABS(U37)>=1E12,"TB",IF(ABS(U37)>=1E9,"GB",IF(ABS(U37)>=1E6,"MB",IF(ABS(U37)>=1E3,"KB","bytes")))))="",""," "&(IF(ABS(U37)>=1E12,"TB",IF(ABS(U37)>=1E9,"GB",IF(ABS(U37)>=1E6,"MB",IF(ABS(U37)>=1E3,"KB","bytes")))))) -> 12.206 MB | E37: =TEXT(IF(ABS(V37)>=1E15,V37/1E15,IF(ABS(V37)>=1E12,V37/1E12,IF(ABS(V37)>=1E9,V37/1E9,IF(ABS(V37)>=1E6,V37/1E6,V37)))),"#,##0.000")&IF((IF(ABS(V37)>=1E15,"PFLOPs",IF(ABS(V37)>=1E12,"TFLOPs",IF(ABS(V37)>=1E9,"GFLOPs",IF(ABS(V37)>=1E6,"MFLOPs","flops")))))="",""," "&(IF(ABS(V37)>=1E15,"PFLOPs",IF(ABS(V37)>=1E12,"TFLOPs",IF(ABS(V37)>=1E9,"GFLOPs",IF(ABS(V37)>=1E6,"MFLOPs","flops")))))) -> 0.000 FLOPs | F37: =TEXT(IF(ABS(AA37)>=1E12,AA37/1E12,IF(ABS(AA37)>=1E9,AA37/1E9,IF(ABS(AA37)>=1E6,AA37/1E6,IF(ABS(AA37)>=1E3,AA37/1E3,AA37)))),"#,##0.000")&IF((IF(ABS(AA37)>=1E12,"TB",IF(ABS(AA37)>=1E9,"GB",IF(ABS(AA37)>=1E6,"MB",IF(ABS(AA37)>=1E3,"KB","bytes")))))="",""," "&(IF(ABS(AA37)>=1E12,"TB",IF(ABS(AA37)>=1E9,"GB",IF(ABS(AA37)>=1E6,"MB",IF(ABS(AA37)>=1E3,"KB","bytes")))))) -> 0.000 B | G37: =TEXT(IF(ABS(X37)>=1E12,X37/1E12,IF(ABS(X37)>=1E9,X37/1E9,IF(ABS(X37)>=1E6,X37/1E6,IF(ABS(X37)>=1E3,X37/1E3,X37)))),"#,##0.000")&IF((IF(ABS(X37)>=1E12,"TB",IF(ABS(X37)>=1E9,"GB",IF(ABS(X37)>=1E6,"MB",IF(ABS(X37)>=1E3,"KB","bytes")))))="",""," "&(IF(ABS(X37)>=1E12,"TB",IF(ABS(X37)>=1E9,"GB",IF(ABS(X37)>=1E6,"MB",IF(ABS(X37)>=1E3,"KB","bytes")))))) -> 12.206 MB | H37: =TEXT(IF(ABS(Y37)>=1E15,Y37/1E15,IF(ABS(Y37)>=1E12,Y37/1E12,IF(ABS(Y37)>=1E9,Y37/1E9,IF(ABS(Y37)>=1E6,Y37/1E6,Y37)))),"#,##0.000")&IF((IF(ABS(Y37)>=1E15,"PFLOPs",IF(ABS(Y37)>=1E12,"TFLOPs",IF(ABS(Y37)>=1E9,"GFLOPs",IF(ABS(Y37)>=1E6,"MFLOPs","flops")))))="",""," "&(IF(ABS(Y37)>=1E15,"PFLOPs",IF(ABS(Y37)>=1E12,"TFLOPs",IF(ABS(Y37)>=1E9,"GFLOPs",IF(ABS(Y37)>=1E6,"MFLOPs","flops")))))) -> 0.000 FLOPs | I37: =TEXT(IF(ABS(AB37)>=1E12,AB37/1E12,IF(ABS(AB37)>=1E9,AB37/1E9,IF(ABS(AB37)>=1E6,AB37/1E6,IF(ABS(AB37)>=1E3,AB37/1E3,AB37)))),"#,##0.000")&IF((IF(ABS(AB37)>=1E12,"TB",IF(ABS(AB37)>=1E9,"GB",IF(ABS(AB37)>=1E6,"MB",IF(ABS(AB37)>=1E3,"KB","bytes")))))="",""," "&(IF(ABS(AB37)>=1E12,"TB",IF(ABS(AB37)>=1E9,"GB",IF(ABS(AB37)>=1E6,"MB",IF(ABS(AB37)>=1E3,"KB","bytes")))))) -> 0.000 B | J37: N/A | K37: FP32 compressor state | L37: 预填充阶段的 Compressor 与 Indexer 状态。 | U37: =PrefillBatch*FP32Bytes*(ShortLayers*2*(2*ShortRatio)*(2*HeadDim)+LongLayers*2*LongRatio*HeadDim+ShortLayers*2*(2*ShortRatio)*(2*IndexHeadDim)) -> 12206080 | V37: =0 -> 0 | W37: =(0)+(0) -> 0 | X37: =PrefillBatch*FP32Bytes*(ShortLayers*2*(2*ShortRatio)*(2*HeadDim)+LongLayers*2*LongRatio*HeadDim+ShortLayers*2*(2*ShortRatio)*(2*IndexHeadDim)) -> 12206080 | Y37: =0 -> 0 | Z37: =(0)+(0) -> 0 | AA37: =0 -> 0 | AB37: =0 -> 0
A38: Attention | B38: Prefill preallocated KV + states | C38: Scenario cache/state | D38: =TEXT(IF(ABS(U38)>=1E12,U38/1E12,IF(ABS(U38)>=1E9,U38/1E9,IF(ABS(U38)>=1E6,U38/1E6,IF(ABS(U38)>=1E3,U38/1E3,U38)))),"#,##0.000")&IF((IF(ABS(U38)>=1E12,"TB",IF(ABS(U38)>=1E9,"GB",IF(ABS(U38)>=1E6,"MB",IF(ABS(U38)>=1E3,"KB","bytes")))))="",""," "&(IF(ABS(U38)>=1E12,"TB",IF(ABS(U38)>=1E9,"GB",IF(ABS(U38)>=1E6,"MB",IF(ABS(U38)>=1E3,"KB","bytes")))))) -> 7.232 GB | E38: =TEXT(IF(ABS(V38)>=1E15,V38/1E15,IF(ABS(V38)>=1E12,V38/1E12,IF(ABS(V38)>=1E9,V38/1E9,IF(ABS(V38)>=1E6,V38/1E6,V38)))),"#,##0.000")&IF((IF(ABS(V38)>=1E15,"PFLOPs",IF(ABS(V38)>=1E12,"TFLOPs",IF(ABS(V38)>=1E9,"GFLOPs",IF(ABS(V38)>=1E6,"MFLOPs","flops")))))="",""," "&(IF(ABS(V38)>=1E15,"PFLOPs",IF(ABS(V38)>=1E12,"TFLOPs",IF(ABS(V38)>=1E9,"GFLOPs",IF(ABS(V38)>=1E6,"MFLOPs","flops")))))) -> 0.000 FLOPs | F38: =TEXT(IF(ABS(AA38)>=1E12,AA38/1E12,IF(ABS(AA38)>=1E9,AA38/1E9,IF(ABS(AA38)>=1E6,AA38/1E6,IF(ABS(AA38)>=1E3,AA38/1E3,AA38)))),"#,##0.000")&IF((IF(ABS(AA38)>=1E12,"TB",IF(ABS(AA38)>=1E9,"GB",IF(ABS(AA38)>=1E6,"MB",IF(ABS(AA38)>=1E3,"KB","bytes")))))="",""," "&(IF(ABS(AA38)>=1E12,"TB",IF(ABS(AA38)>=1E9,"GB",IF(ABS(AA38)>=1E6,"MB",IF(ABS(AA38)>=1E3,"KB","bytes")))))) -> 0.000 B | G38: =TEXT(IF(ABS(X38)>=1E12,X38/1E12,IF(ABS(X38)>=1E9,X38/1E9,IF(ABS(X38)>=1E6,X38/1E6,IF(ABS(X38)>=1E3,X38/1E3,X38)))),"#,##0.000")&IF((IF(ABS(X38)>=1E12,"TB",IF(ABS(X38)>=1E9,"GB",IF(ABS(X38)>=1E6,"MB",IF(ABS(X38)>=1E3,"KB","bytes")))))="",""," "&(IF(ABS(X38)>=1E12,"TB",IF(ABS(X38)>=1E9,"GB",IF(ABS(X38)>=1E6,"MB",IF(ABS(X38)>=1E3,"KB","bytes")))))) -> 7.232 GB | H38: =TEXT(IF(ABS(Y38)>=1E15,Y38/1E15,IF(ABS(Y38)>=1E12,Y38/1E12,IF(ABS(Y38)>=1E9,Y38/1E9,IF(ABS(Y38)>=1E6,Y38/1E6,Y38)))),"#,##0.000")&IF((IF(ABS(Y38)>=1E15,"PFLOPs",IF(ABS(Y38)>=1E12,"TFLOPs",IF(ABS(Y38)>=1E9,"GFLOPs",IF(ABS(Y38)>=1E6,"MFLOPs","flops")))))="",""," "&(IF(ABS(Y38)>=1E15,"PFLOPs",IF(ABS(Y38)>=1E12,"TFLOPs",IF(ABS(Y38)>=1E9,"GFLOPs",IF(ABS(Y38)>=1E6,"MFLOPs","flops")))))) -> 0.000 FLOPs | I38: =TEXT(IF(ABS(AB38)>=1E12,AB38/1E12,IF(ABS(AB38)>=1E9,AB38/1E9,IF(ABS(AB38)>=1E6,AB38/1E6,IF(ABS(AB38)>=1E3,AB38/1E3,AB38)))),"#,##0.000")&IF((IF(ABS(AB38)>=1E12,"TB",IF(ABS(AB38)>=1E9,"GB",IF(ABS(AB38)>=1E6,"MB",IF(ABS(AB38)>=1E3,"KB","bytes")))))="",""," "&(IF(ABS(AB38)>=1E12,"TB",IF(ABS(AB38)>=1E9,"GB",IF(ABS(AB38)>=1E6,"MB",IF(ABS(AB38)>=1E3,"KB","bytes")))))) -> 0.000 B | J38: N/A | K38: BF16 KV + FP32 state | L38: 按 MaxContext 为预填充阶段预分配；不与有效容量相加。 | U38: =PrefillBatch*(HeadDim*BF16Bytes*(WindowLayers*WindowSize+ShortLayers*(WindowSize+INT(MaxContext/ShortRatio))+LongLayers*(WindowSize+INT(MaxContext/LongRatio)))+ShortLayers*INT(MaxContext/ShortRatio)*IndexHeadDim*BF16Bytes)+PrefillBatch*FP32Bytes*(ShortLayers*2*(2*ShortRatio)*(2*HeadDim)+LongLayers*2*LongRatio*HeadDim+ShortLayers*2*(2*ShortRatio)*(2*IndexHeadDim)) -> 7232045056 | V38: =0 -> 0 | W38: =(0)+(0) -> 0 | X38: =PrefillBatch*(HeadDim*BF16Bytes*(WindowLayers*WindowSize+ShortLayers*(WindowSize+INT(MaxContext/ShortRatio))+LongLayers*(WindowSize+INT(MaxContext/LongRatio)))+ShortLayers*INT(MaxContext/ShortRatio)*IndexHeadDim*BF16Bytes)+PrefillBatch*FP32Bytes*(ShortLayers*2*(2*ShortRatio)*(2*HeadDim)+LongLayers*2*LongRatio*HeadDim+ShortLayers*2*(2*ShortRatio)*(2*IndexHeadDim)) -> 7232045056 | Y38: =0 -> 0 | Z38: =(0)+(0) -> 0 | AA38: =0 -> 0 | AB38: =0 -> 0
A39: MoE | B39: Router score projection | C39: All active layers | D39: =TEXT(IF(ABS(U39)>=1E12,U39/1E12,IF(ABS(U39)>=1E9,U39/1E9,IF(ABS(U39)>=1E6,U39/1E6,IF(ABS(U39)>=1E3,U39/1E3,U39)))),"#,##0.000")&IF((IF(ABS(U39)>=1E12,"TB",IF(ABS(U39)>=1E9,"GB",IF(ABS(U39)>=1E6,"MB",IF(ABS(U39)>=1E3,"KB","bytes")))))="",""," "&(IF(ABS(U39)>=1E12,"TB",IF(ABS(U39)>=1E9,"GB",IF(ABS(U39)>=1E6,"MB",IF(ABS(U39)>=1E3,"KB","bytes")))))) -> 99.527 MB | E39: =TEXT(IF(ABS(V39)>=1E15,V39/1E15,IF(ABS(V39)>=1E12,V39/1E12,IF(ABS(V39)>=1E9,V39/1E9,IF(ABS(V39)>=1E6,V39/1E6,V39)))),"#,##0.000")&IF((IF(ABS(V39)>=1E15,"PFLOPs",IF(ABS(V39)>=1E12,"TFLOPs",IF(ABS(V39)>=1E9,"GFLOPs",IF(ABS(V39)>=1E6,"MFLOPs","flops")))))="",""," "&(IF(ABS(V39)>=1E15,"PFLOPs",IF(ABS(V39)>=1E12,"TFLOPs",IF(ABS(V39)>=1E9,"GFLOPs",IF(ABS(V39)>=1E6,"MFLOPs","flops")))))) -> 738.734 GFLOPs | F39: =TEXT(IF(ABS(AA39)>=1E12,AA39/1E12,IF(ABS(AA39)>=1E9,AA39/1E9,IF(ABS(AA39)>=1E6,AA39/1E6,IF(ABS(AA39)>=1E3,AA39/1E3,AA39)))),"#,##0.000")&IF((IF(ABS(AA39)>=1E12,"TB",IF(ABS(AA39)>=1E9,"GB",IF(ABS(AA39)>=1E6,"MB",IF(ABS(AA39)>=1E3,"KB","bytes")))))="",""," "&(IF(ABS(AA39)>=1E12,"TB",IF(ABS(AA39)>=1E9,"GB",IF(ABS(AA39)>=1E6,"MB",IF(ABS(AA39)>=1E3,"KB","bytes")))))) -> 0.000 B | G39: =TEXT(IF(ABS(X39)>=1E12,X39/1E12,IF(ABS(X39)>=1E9,X39/1E9,IF(ABS(X39)>=1E6,X39/1E6,IF(ABS(X39)>=1E3,X39/1E3,X39)))),"#,##0.000")&IF((IF(ABS(X39)>=1E12,"TB",IF(ABS(X39)>=1E9,"GB",IF(ABS(X39)>=1E6,"MB",IF(ABS(X39)>=1E3,"KB","bytes")))))="",""," "&(IF(ABS(X39)>=1E12,"TB",IF(ABS(X39)>=1E9,"GB",IF(ABS(X39)>=1E6,"MB",IF(ABS(X39)>=1E3,"KB","bytes")))))) -> 99.527 MB | H39: =TEXT(IF(ABS(Y39)>=1E15,Y39/1E15,IF(ABS(Y39)>=1E12,Y39/1E12,IF(ABS(Y39)>=1E9,Y39/1E9,IF(ABS(Y39)>=1E6,Y39/1E6,Y39)))),"#,##0.000")&IF((IF(ABS(Y39)>=1E15,"PFLOPs",IF(ABS(Y39)>=1E12,"TFLOPs",IF(ABS(Y39)>=1E9,"GFLOPs",IF(ABS(Y39)>=1E6,"MFLOPs","flops")))))="",""," "&(IF(ABS(Y39)>=1E15,"PFLOPs",IF(ABS(Y39)>=1E12,"TFLOPs",IF(ABS(Y39)>=1E9,"GFLOPs",IF(ABS(Y39)>=1E6,"MFLOPs","flops")))))) -> 738.734 GFLOPs | I39: =TEXT(IF(ABS(AB39)>=1E12,AB39/1E12,IF(ABS(AB39)>=1E9,AB39/1E9,IF(ABS(AB39)>=1E6,AB39/1E6,IF(ABS(AB39)>=1E3,AB39/1E3,AB39)))),"#,##0.000")&IF((IF(ABS(AB39)>=1E12,"TB",IF(ABS(AB39)>=1E9,"GB",IF(ABS(AB39)>=1E6,"MB",IF(ABS(AB39)>=1E3,"KB","bytes")))))="",""," "&(IF(ABS(AB39)>=1E12,"TB",IF(ABS(AB39)>=1E9,"GB",IF(ABS(AB39)>=1E6,"MB",IF(ABS(AB39)>=1E3,"KB","bytes")))))) -> 0.000 B | J39: BF16 gate + FP32 bias + INT32 hash table | K39: BF16 hidden; FP32 scores; INT32 indices | L39: 即使是哈希路由层，源码仍会计算 Gate 分数。 | U39: =TotalLayers*RoutedExperts*HiddenSize*BF16Bytes+(TotalLayers-ActiveHashLayers)*RoutedExperts*FP32Bytes+ActiveHashLayers*VocabSize*ActivatedExperts*INT32Bytes -> 99526656 | V39: =2*PF_Rows*TotalLayers*HiddenSize*RoutedExperts -> 738734374912 | W39: =(TotalLayers*RoutedExperts*HiddenSize*BF16Bytes+(TotalLayers-ActiveHashLayers)*RoutedExperts*FP32Bytes+PF_Rows*TotalLayers*HiddenSize*BF16Bytes+PF_Rows*ActiveHashLayers*ActivatedExperts*INT32Bytes)+(PF_Rows*TotalLayers*RoutedExperts*FP32Bytes) -> 3337199616 | X39: =TotalLayers*RoutedExperts*HiddenSize*BF16Bytes+(TotalLayers-ActiveHashLayers)*RoutedExperts*FP32Bytes+ActiveHashLayers*VocabSize*ActivatedExperts*INT32Bytes -> 99526656 | Y39: =2*PF_Rows*TotalLayers*HiddenSize*RoutedExperts -> 738734374912 | Z39: =(TotalLayers*RoutedExperts*HiddenSize*BF16Bytes+(TotalLayers-ActiveHashLayers)*RoutedExperts*FP32Bytes+PF_Rows*TotalLayers*HiddenSize*BF16Bytes+PF_Rows*ActiveHashLayers*ActivatedExperts*INT32Bytes)+(PF_Rows*TotalLayers*RoutedExperts*FP32Bytes) -> 3337199616 | AA39: =0 -> 0 | AB39: =0 -> 0
A40: MoE | B40: Top-K routed experts | C40: All active layers | D40: =TEXT(IF(ABS(U40)>=1E12,U40/1E12,IF(ABS(U40)>=1E9,U40/1E9,IF(ABS(U40)>=1E6,U40/1E6,IF(ABS(U40)>=1E3,U40/1E3,U40)))),"#,##0.000")&IF((IF(ABS(U40)>=1E12,"TB",IF(ABS(U40)>=1E9,"GB",IF(ABS(U40)>=1E6,"MB",IF(ABS(U40)>=1E3,"KB","bytes")))))="",""," "&(IF(ABS(U40)>=1E12,"TB",IF(ABS(U40)>=1E9,"GB",IF(ABS(U40)>=1E6,"MB",IF(ABS(U40)>=1E3,"KB","bytes")))))) -> 147.170 GB | E40: =TEXT(IF(ABS(V40)>=1E15,V40/1E15,IF(ABS(V40)>=1E12,V40/1E12,IF(ABS(V40)>=1E9,V40/1E9,IF(ABS(V40)>=1E6,V40/1E6,V40)))),"#,##0.000")&IF((IF(ABS(V40)>=1E15,"PFLOPs",IF(ABS(V40)>=1E12,"TFLOPs",IF(ABS(V40)>=1E9,"GFLOPs",IF(ABS(V40)>=1E6,"MFLOPs","flops")))))="",""," "&(IF(ABS(V40)>=1E15,"PFLOPs",IF(ABS(V40)>=1E12,"TFLOPs",IF(ABS(V40)>=1E9,"GFLOPs",IF(ABS(V40)>=1E6,"MFLOPs","flops")))))) -> 106.378 TFLOPs | F40: =TEXT(IF(ABS(AA40)>=1E12,AA40/1E12,IF(ABS(AA40)>=1E9,AA40/1E9,IF(ABS(AA40)>=1E6,AA40/1E6,IF(ABS(AA40)>=1E3,AA40/1E3,AA40)))),"#,##0.000")&IF((IF(ABS(AA40)>=1E12,"TB",IF(ABS(AA40)>=1E9,"GB",IF(ABS(AA40)>=1E6,"MB",IF(ABS(AA40)>=1E3,"KB","bytes")))))="",""," "&(IF(ABS(AA40)>=1E12,"TB",IF(ABS(AA40)>=1E9,"GB",IF(ABS(AA40)>=1E6,"MB",IF(ABS(AA40)>=1E3,"KB","bytes")))))) -> 0.000 B | G40: =TEXT(IF(ABS(X40)>=1E12,X40/1E12,IF(ABS(X40)>=1E9,X40/1E9,IF(ABS(X40)>=1E6,X40/1E6,IF(ABS(X40)>=1E3,X40/1E3,X40)))),"#,##0.000")&IF((IF(ABS(X40)>=1E12,"TB",IF(ABS(X40)>=1E9,"GB",IF(ABS(X40)>=1E6,"MB",IF(ABS(X40)>=1E3,"KB","bytes")))))="",""," "&(IF(ABS(X40)>=1E12,"TB",IF(ABS(X40)>=1E9,"GB",IF(ABS(X40)>=1E6,"MB",IF(ABS(X40)>=1E3,"KB","bytes")))))) -> 18.396 GB | H40: =TEXT(IF(ABS(Y40)>=1E15,Y40/1E15,IF(ABS(Y40)>=1E12,Y40/1E12,IF(ABS(Y40)>=1E9,Y40/1E9,IF(ABS(Y40)>=1E6,Y40/1E6,Y40)))),"#,##0.000")&IF((IF(ABS(Y40)>=1E15,"PFLOPs",IF(ABS(Y40)>=1E12,"TFLOPs",IF(ABS(Y40)>=1E9,"GFLOPs",IF(ABS(Y40)>=1E6,"MFLOPs","flops")))))="",""," "&(IF(ABS(Y40)>=1E15,"PFLOPs",IF(ABS(Y40)>=1E12,"TFLOPs",IF(ABS(Y40)>=1E9,"GFLOPs",IF(ABS(Y40)>=1E6,"MFLOPs","flops")))))) -> 13.297 TFLOPs | I40: =TEXT(IF(ABS(AB40)>=1E12,AB40/1E12,IF(ABS(AB40)>=1E9,AB40/1E9,IF(ABS(AB40)>=1E6,AB40/1E6,IF(ABS(AB40)>=1E3,AB40/1E3,AB40)))),"#,##0.000")&IF((IF(ABS(AB40)>=1E12,"TB",IF(ABS(AB40)>=1E9,"GB",IF(ABS(AB40)>=1E6,"MB",IF(ABS(AB40)>=1E3,"KB","bytes")))))="",""," "&(IF(ABS(AB40)>=1E12,"TB",IF(ABS(AB40)>=1E9,"GB",IF(ABS(AB40)>=1E6,"MB",IF(ABS(AB40)>=1E3,"KB","bytes")))))) -> 0.000 B | J40: FP4 E2M1 + E8M0 scales | K40: BF16 input/output; FP32 SwiGLU | L40: 每个 Rank 的均衡期望分配；参数读取使用专家至少被触发一次的概率。 | U40: =TotalLayers*TP1LocalExperts*(3*HiddenSize*ExpertInter*FP4Bytes+3*HiddenSize*ExpertInter/FP4Block*ScaleBytes) -> 147169738752 | V40: =PF_Rows*TotalLayers*(ActivatedExperts/TP1Size)*6*HiddenSize*ExpertInter -> 106377749987328 | W40: =(TotalLayers*TP1LocalExperts*PF_ExpertActiveProbability*(3*HiddenSize*ExpertInter*FP4Bytes+3*HiddenSize*ExpertInter/FP4Block*ScaleBytes)+PF_Rows*TotalLayers*(ActivatedExperts/TP1Size)*HiddenSize*BF16Bytes)+(PF_Rows*TotalLayers*(ActivatedExperts/TP1Size)*HiddenSize*BF16Bytes) -> 181797912576 | X40: =TotalLayers*TP8LocalExperts*(3*HiddenSize*ExpertInter*FP4Bytes+3*HiddenSize*ExpertInter/FP4Block*ScaleBytes) -> 18396217344 | Y40: =PF_Rows*TotalLayers*(ActivatedExperts/TP8Size)*6*HiddenSize*ExpertInter -> 13297218748416 | Z40: =(TotalLayers*TP8LocalExperts*PF_ExpertActiveProbability*(3*HiddenSize*ExpertInter*FP4Bytes+3*HiddenSize*ExpertInter/FP4Block*ScaleBytes)+PF_Rows*TotalLayers*(ActivatedExperts/TP8Size)*HiddenSize*BF16Bytes)+(PF_Rows*TotalLayers*(ActivatedExperts/TP8Size)*HiddenSize*BF16Bytes) -> 22724739072 | AA40: =0 -> 0 | AB40: =0 -> 0
A41: MoE | B41: Shared expert | C41: All active layers | D41: =TEXT(IF(ABS(U41)>=1E12,U41/1E12,IF(ABS(U41)>=1E9,U41/1E9,IF(ABS(U41)>=1E6,U41/1E6,IF(ABS(U41)>=1E3,U41/1E3,U41)))),"#,##0.000")&IF((IF(ABS(U41)>=1E12,"TB",IF(ABS(U41)>=1E9,"GB",IF(ABS(U41)>=1E6,"MB",IF(ABS(U41)>=1E3,"KB","bytes")))))="",""," "&(IF(ABS(U41)>=1E12,"TB",IF(ABS(U41)>=1E9,"GB",IF(ABS(U41)>=1E6,"MB",IF(ABS(U41)>=1E3,"KB","bytes")))))) -> 1.082 GB | E41: =TEXT(IF(ABS(V41)>=1E15,V41/1E15,IF(ABS(V41)>=1E12,V41/1E12,IF(ABS(V41)>=1E9,V41/1E9,IF(ABS(V41)>=1E6,V41/1E6,V41)))),"#,##0.000")&IF((IF(ABS(V41)>=1E15,"PFLOPs",IF(ABS(V41)>=1E12,"TFLOPs",IF(ABS(V41)>=1E9,"GFLOPs",IF(ABS(V41)>=1E6,"MFLOPs","flops")))))="",""," "&(IF(ABS(V41)>=1E15,"PFLOPs",IF(ABS(V41)>=1E12,"TFLOPs",IF(ABS(V41)>=1E9,"GFLOPs",IF(ABS(V41)>=1E6,"MFLOPs","flops")))))) -> 17.730 TFLOPs | F41: =TEXT(IF(ABS(AA41)>=1E12,AA41/1E12,IF(ABS(AA41)>=1E9,AA41/1E9,IF(ABS(AA41)>=1E6,AA41/1E6,IF(ABS(AA41)>=1E3,AA41/1E3,AA41)))),"#,##0.000")&IF((IF(ABS(AA41)>=1E12,"TB",IF(ABS(AA41)>=1E9,"GB",IF(ABS(AA41)>=1E6,"MB",IF(ABS(AA41)>=1E3,"KB","bytes")))))="",""," "&(IF(ABS(AA41)>=1E12,"TB",IF(ABS(AA41)>=1E9,"GB",IF(ABS(AA41)>=1E6,"MB",IF(ABS(AA41)>=1E3,"KB","bytes")))))) -> 0.000 B | G41: =TEXT(IF(ABS(X41)>=1E12,X41/1E12,IF(ABS(X41)>=1E9,X41/1E9,IF(ABS(X41)>=1E6,X41/1E6,IF(ABS(X41)>=1E3,X41/1E3,X41)))),"#,##0.000")&IF((IF(ABS(X41)>=1E12,"TB",IF(ABS(X41)>=1E9,"GB",IF(ABS(X41)>=1E6,"MB",IF(ABS(X41)>=1E3,"KB","bytes")))))="",""," "&(IF(ABS(X41)>=1E12,"TB",IF(ABS(X41)>=1E9,"GB",IF(ABS(X41)>=1E6,"MB",IF(ABS(X41)>=1E3,"KB","bytes")))))) -> 1.082 GB | H41: =TEXT(IF(ABS(Y41)>=1E15,Y41/1E15,IF(ABS(Y41)>=1E12,Y41/1E12,IF(ABS(Y41)>=1E9,Y41/1E9,IF(ABS(Y41)>=1E6,Y41/1E6,Y41)))),"#,##0.000")&IF((IF(ABS(Y41)>=1E15,"PFLOPs",IF(ABS(Y41)>=1E12,"TFLOPs",IF(ABS(Y41)>=1E9,"GFLOPs",IF(ABS(Y41)>=1E6,"MFLOPs","flops")))))="",""," "&(IF(ABS(Y41)>=1E15,"PFLOPs",IF(ABS(Y41)>=1E12,"TFLOPs",IF(ABS(Y41)>=1E9,"GFLOPs",IF(ABS(Y41)>=1E6,"MFLOPs","flops")))))) -> 17.730 TFLOPs | I41: =TEXT(IF(ABS(AB41)>=1E12,AB41/1E12,IF(ABS(AB41)>=1E9,AB41/1E9,IF(ABS(AB41)>=1E6,AB41/1E6,IF(ABS(AB41)>=1E3,AB41/1E3,AB41)))),"#,##0.000")&IF((IF(ABS(AB41)>=1E12,"TB",IF(ABS(AB41)>=1E9,"GB",IF(ABS(AB41)>=1E6,"MB",IF(ABS(AB41)>=1E3,"KB","bytes")))))="",""," "&(IF(ABS(AB41)>=1E12,"TB",IF(ABS(AB41)>=1E9,"GB",IF(ABS(AB41)>=1E6,"MB",IF(ABS(AB41)>=1E3,"KB","bytes")))))) -> 0.000 B | J41: FP8 E4M3 + E8M0 scales | K41: BF16 input/output; FP32 SwiGLU | L41: 共享专家在每个 TP Rank 上复制，并独立计算。 | U41: =TotalLayers*SharedExperts*(2*((HiddenSize)*(ExpertInter)*FP8Bytes+ROUNDUP((HiddenSize)/FP8Block,0)*ROUNDUP((ExpertInter)/FP8Block,0)*ScaleBytes)+((ExpertInter)*(HiddenSize)*FP8Bytes+ROUNDUP((ExpertInter)/FP8Block,0)*ROUNDUP((HiddenSize)/FP8Block,0)*ScaleBytes)) -> 1082196480 | V41: =PF_Rows*TotalLayers*SharedExperts*6*HiddenSize*ExpertInter -> 17729624997888 | W41: =(TotalLayers*SharedExperts*(2*((HiddenSize)*(ExpertInter)*FP8Bytes+ROUNDUP((HiddenSize)/FP8Block,0)*ROUNDUP((ExpertInter)/FP8Block,0)*ScaleBytes)+((ExpertInter)*(HiddenSize)*FP8Bytes+ROUNDUP((ExpertInter)/FP8Block,0)*ROUNDUP((HiddenSize)/FP8Block,0)*ScaleBytes))+PF_Rows*TotalLayers*SharedExperts*HiddenSize*BF16Bytes)+(PF_Rows*TotalLayers*SharedExperts*HiddenSize*BF16Bytes) -> 6853558784 | X41: =TotalLayers*SharedExperts*(2*((HiddenSize)*(ExpertInter)*FP8Bytes+ROUNDUP((HiddenSize)/FP8Block,0)*ROUNDUP((ExpertInter)/FP8Block,0)*ScaleBytes)+((ExpertInter)*(HiddenSize)*FP8Bytes+ROUNDUP((ExpertInter)/FP8Block,0)*ROUNDUP((HiddenSize)/FP8Block,0)*ScaleBytes)) -> 1082196480 | Y41: =PF_Rows*TotalLayers*SharedExperts*6*HiddenSize*ExpertInter -> 17729624997888 | Z41: =(TotalLayers*SharedExperts*(2*((HiddenSize)*(ExpertInter)*FP8Bytes+ROUNDUP((HiddenSize)/FP8Block,0)*ROUNDUP((ExpertInter)/FP8Block,0)*ScaleBytes)+((ExpertInter)*(HiddenSize)*FP8Bytes+ROUNDUP((ExpertInter)/FP8Block,0)*ROUNDUP((HiddenSize)/FP8Block,0)*ScaleBytes))+PF_Rows*TotalLayers*SharedExperts*HiddenSize*BF16Bytes)+(PF_Rows*TotalLayers*SharedExperts*HiddenSize*BF16Bytes) -> 6853558784 | AA41: =0 -> 0 | AB41: =0 -> 0
A42: MoE | B42: MoE collectives | C42: Each Transformer block | D42: =TEXT(IF(ABS(U42)>=1E12,U42/1E12,IF(ABS(U42)>=1E9,U42/1E9,IF(ABS(U42)>=1E6,U42/1E6,IF(ABS(U42)>=1E3,U42/1E3,U42)))),"#,##0.000")&IF((IF(ABS(U42)>=1E12,"TB",IF(ABS(U42)>=1E9,"GB",IF(ABS(U42)>=1E6,"MB",IF(ABS(U42)>=1E3,"KB","bytes")))))="",""," "&(IF(ABS(U42)>=1E12,"TB",IF(ABS(U42)>=1E9,"GB",IF(ABS(U42)>=1E6,"MB",IF(ABS(U42)>=1E3,"KB","bytes")))))) -> 0.000 B | E42: =TEXT(IF(ABS(V42)>=1E15,V42/1E15,IF(ABS(V42)>=1E12,V42/1E12,IF(ABS(V42)>=1E9,V42/1E9,IF(ABS(V42)>=1E6,V42/1E6,V42)))),"#,##0.000")&IF((IF(ABS(V42)>=1E15,"PFLOPs",IF(ABS(V42)>=1E12,"TFLOPs",IF(ABS(V42)>=1E9,"GFLOPs",IF(ABS(V42)>=1E6,"MFLOPs","flops")))))="",""," "&(IF(ABS(V42)>=1E15,"PFLOPs",IF(ABS(V42)>=1E12,"TFLOPs",IF(ABS(V42)>=1E9,"GFLOPs",IF(ABS(V42)>=1E6,"MFLOPs","flops")))))) -> 0.000 FLOPs | F42: =TEXT(IF(ABS(AA42)>=1E12,AA42/1E12,IF(ABS(AA42)>=1E9,AA42/1E9,IF(ABS(AA42)>=1E6,AA42/1E6,IF(ABS(AA42)>=1E3,AA42/1E3,AA42)))),"#,##0.000")&IF((IF(ABS(AA42)>=1E12,"TB",IF(ABS(AA42)>=1E9,"GB",IF(ABS(AA42)>=1E6,"MB",IF(ABS(AA42)>=1E3,"KB","bytes")))))="",""," "&(IF(ABS(AA42)>=1E12,"TB",IF(ABS(AA42)>=1E9,"GB",IF(ABS(AA42)>=1E6,"MB",IF(ABS(AA42)>=1E3,"KB","bytes")))))) -> 0.000 B | G42: =TEXT(IF(ABS(X42)>=1E12,X42/1E12,IF(ABS(X42)>=1E9,X42/1E9,IF(ABS(X42)>=1E6,X42/1E6,IF(ABS(X42)>=1E3,X42/1E3,X42)))),"#,##0.000")&IF((IF(ABS(X42)>=1E12,"TB",IF(ABS(X42)>=1E9,"GB",IF(ABS(X42)>=1E6,"MB",IF(ABS(X42)>=1E3,"KB","bytes")))))="",""," "&(IF(ABS(X42)>=1E12,"TB",IF(ABS(X42)>=1E9,"GB",IF(ABS(X42)>=1E6,"MB",IF(ABS(X42)>=1E3,"KB","bytes")))))) -> 0.000 B | H42: =TEXT(IF(ABS(Y42)>=1E15,Y42/1E15,IF(ABS(Y42)>=1E12,Y42/1E12,IF(ABS(Y42)>=1E9,Y42/1E9,IF(ABS(Y42)>=1E6,Y42/1E6,Y42)))),"#,##0.000")&IF((IF(ABS(Y42)>=1E15,"PFLOPs",IF(ABS(Y42)>=1E12,"TFLOPs",IF(ABS(Y42)>=1E9,"GFLOPs",IF(ABS(Y42)>=1E6,"MFLOPs","flops")))))="",""," "&(IF(ABS(Y42)>=1E15,"PFLOPs",IF(ABS(Y42)>=1E12,"TFLOPs",IF(ABS(Y42)>=1E9,"GFLOPs",IF(ABS(Y42)>=1E6,"MFLOPs","flops")))))) -> 0.000 FLOPs | I42: =TEXT(IF(ABS(AB42)>=1E12,AB42/1E12,IF(ABS(AB42)>=1E9,AB42/1E9,IF(ABS(AB42)>=1E6,AB42/1E6,IF(ABS(AB42)>=1E3,AB42/1E3,AB42)))),"#,##0.000")&IF((IF(ABS(AB42)>=1E12,"TB",IF(ABS(AB42)>=1E9,"GB",IF(ABS(AB42)>=1E6,"MB",IF(ABS(AB42)>=1E3,"KB","bytes")))))="",""," "&(IF(ABS(AB42)>=1E12,"TB",IF(ABS(AB42)>=1E9,"GB",IF(ABS(AB42)>=1E6,"MB",IF(ABS(AB42)>=1E3,"KB","bytes")))))) -> 20.200 GB | J42: N/A | K42: BF16/FP32 collective payload | L42: 每个 Transformer block 的 MoE 隐藏状态集合通信；TP=1 时为零。 | U42: =0 -> 0 | V42: =0 -> 0 | W42: =(0)+(0) -> 0 | X42: =0 -> 0 | Y42: =0 -> 0 | Z42: =(0)+(0) -> 0 | AA42: =4*(TP1Size-1)/TP1Size*PF_Rows*HiddenSize*FP32Bytes*TotalLayers -> 0 | AB42: =4*(TP8Size-1)/TP8Size*PF_Rows*HiddenSize*FP32Bytes*TotalLayers -> 20199768064
A43: HC | B43: Hyper-Connections | C43: All active layers + model tail HC head | D43: =TEXT(IF(ABS(U43)>=1E12,U43/1E12,IF(ABS(U43)>=1E9,U43/1E9,IF(ABS(U43)>=1E6,U43/1E6,IF(ABS(U43)>=1E3,U43/1E3,U43)))),"#,##0.000")&IF((IF(ABS(U43)>=1E12,"TB",IF(ABS(U43)>=1E9,"GB",IF(ABS(U43)>=1E6,"MB",IF(ABS(U43)>=1E3,"KB","bytes")))))="",""," "&(IF(ABS(U43)>=1E12,"TB",IF(ABS(U43)>=1E9,"GB",IF(ABS(U43)>=1E6,"MB",IF(ABS(U43)>=1E3,"KB","bytes")))))) -> 135.538 MB | E43: =TEXT(IF(ABS(V43)>=1E15,V43/1E15,IF(ABS(V43)>=1E12,V43/1E12,IF(ABS(V43)>=1E9,V43/1E9,IF(ABS(V43)>=1E6,V43/1E6,V43)))),"#,##0.000")&IF((IF(ABS(V43)>=1E15,"PFLOPs",IF(ABS(V43)>=1E12,"TFLOPs",IF(ABS(V43)>=1E9,"GFLOPs",IF(ABS(V43)>=1E6,"MFLOPs","flops")))))="",""," "&(IF(ABS(V43)>=1E15,"PFLOPs",IF(ABS(V43)>=1E12,"TFLOPs",IF(ABS(V43)>=1E9,"GFLOPs",IF(ABS(V43)>=1E6,"MFLOPs","flops")))))) -> 702.798 GFLOPs | F43: =TEXT(IF(ABS(AA43)>=1E12,AA43/1E12,IF(ABS(AA43)>=1E9,AA43/1E9,IF(ABS(AA43)>=1E6,AA43/1E6,IF(ABS(AA43)>=1E3,AA43/1E3,AA43)))),"#,##0.000")&IF((IF(ABS(AA43)>=1E12,"TB",IF(ABS(AA43)>=1E9,"GB",IF(ABS(AA43)>=1E6,"MB",IF(ABS(AA43)>=1E3,"KB","bytes")))))="",""," "&(IF(ABS(AA43)>=1E12,"TB",IF(ABS(AA43)>=1E9,"GB",IF(ABS(AA43)>=1E6,"MB",IF(ABS(AA43)>=1E3,"KB","bytes")))))) -> 0.000 B | G43: =TEXT(IF(ABS(X43)>=1E12,X43/1E12,IF(ABS(X43)>=1E9,X43/1E9,IF(ABS(X43)>=1E6,X43/1E6,IF(ABS(X43)>=1E3,X43/1E3,X43)))),"#,##0.000")&IF((IF(ABS(X43)>=1E12,"TB",IF(ABS(X43)>=1E9,"GB",IF(ABS(X43)>=1E6,"MB",IF(ABS(X43)>=1E3,"KB","bytes")))))="",""," "&(IF(ABS(X43)>=1E12,"TB",IF(ABS(X43)>=1E9,"GB",IF(ABS(X43)>=1E6,"MB",IF(ABS(X43)>=1E3,"KB","bytes")))))) -> 135.538 MB | H43: =TEXT(IF(ABS(Y43)>=1E15,Y43/1E15,IF(ABS(Y43)>=1E12,Y43/1E12,IF(ABS(Y43)>=1E9,Y43/1E9,IF(ABS(Y43)>=1E6,Y43/1E6,Y43)))),"#,##0.000")&IF((IF(ABS(Y43)>=1E15,"PFLOPs",IF(ABS(Y43)>=1E12,"TFLOPs",IF(ABS(Y43)>=1E9,"GFLOPs",IF(ABS(Y43)>=1E6,"MFLOPs","flops")))))="",""," "&(IF(ABS(Y43)>=1E15,"PFLOPs",IF(ABS(Y43)>=1E12,"TFLOPs",IF(ABS(Y43)>=1E9,"GFLOPs",IF(ABS(Y43)>=1E6,"MFLOPs","flops")))))) -> 702.798 GFLOPs | I43: =TEXT(IF(ABS(AB43)>=1E12,AB43/1E12,IF(ABS(AB43)>=1E9,AB43/1E9,IF(ABS(AB43)>=1E6,AB43/1E6,IF(ABS(AB43)>=1E3,AB43/1E3,AB43)))),"#,##0.000")&IF((IF(ABS(AB43)>=1E12,"TB",IF(ABS(AB43)>=1E9,"GB",IF(ABS(AB43)>=1E6,"MB",IF(ABS(AB43)>=1E3,"KB","bytes")))))="",""," "&(IF(ABS(AB43)>=1E12,"TB",IF(ABS(AB43)>=1E9,"GB",IF(ABS(AB43)>=1E6,"MB",IF(ABS(AB43)>=1E3,"KB","bytes")))))) -> 0.000 B | J43: FP32 HC parameters | K43: FP32 mixing; BF16 hidden and residual state | L43: HC 计算为近似值；尾部 HC head 与 block HC 都在此计入，sigmoid/exp/Sinkhorn 仅做定性跟踪。 | U43: =(TotalLayers*2*(((2+HCSlots)*HCSlots)*HCSlots*HiddenSize+((2+HCSlots)*HCSlots)+3))*FP32Bytes+(HCSlots*HCSlots*HiddenSize+HCSlots+1)*FP32Bytes -> 135537756 | V43: =TotalLayers*2*(2*PF_Rows*HCSlots*HiddenSize*((2+HCSlots)*HCSlots)+PF_Rows*(2*HCSlots*HiddenSize+1)+PF_Rows*HiddenSize*(2*HCSlots-1)+PF_Rows*HCSlots*HiddenSize*(2*HCSlots+1))+2*PF_Rows*HCSlots*HiddenSize*HCSlots+PF_Rows*(2*HCSlots*HiddenSize+1)+PF_Rows*HiddenSize*(2*HCSlots-1) -> 702798290944 | W43: =(TotalLayers*2*((2+HCSlots)*HCSlots*HCSlots*HiddenSize*FP32Bytes+((2+HCSlots)*HCSlots+3)*FP32Bytes)+PF_Rows*TotalLayers*4*HCSlots*HiddenSize*BF16Bytes+(HCSlots*HCSlots*HiddenSize+HCSlots+1)*FP32Bytes+PF_Rows*HCSlots*HiddenSize*BF16Bytes)+(PF_Rows*TotalLayers*4*HCSlots*HiddenSize*BF16Bytes+PF_Rows*HiddenSize*BF16Bytes) -> 92812878940 | X43: =(TotalLayers*2*(((2+HCSlots)*HCSlots)*HCSlots*HiddenSize+((2+HCSlots)*HCSlots)+3))*FP32Bytes+(HCSlots*HCSlots*HiddenSize+HCSlots+1)*FP32Bytes -> 135537756 | Y43: =TotalLayers*2*(2*PF_Rows*HCSlots*HiddenSize*((2+HCSlots)*HCSlots)+PF_Rows*(2*HCSlots*HiddenSize+1)+PF_Rows*HiddenSize*(2*HCSlots-1)+PF_Rows*HCSlots*HiddenSize*(2*HCSlots+1))+2*PF_Rows*HCSlots*HiddenSize*HCSlots+PF_Rows*(2*HCSlots*HiddenSize+1)+PF_Rows*HiddenSize*(2*HCSlots-1) -> 702798290944 | Z43: =(TotalLayers*2*((2+HCSlots)*HCSlots*HCSlots*HiddenSize*FP32Bytes+((2+HCSlots)*HCSlots+3)*FP32Bytes)+PF_Rows*TotalLayers*4*HCSlots*HiddenSize*BF16Bytes+(HCSlots*HCSlots*HiddenSize+HCSlots+1)*FP32Bytes+PF_Rows*HCSlots*HiddenSize*BF16Bytes)+(PF_Rows*TotalLayers*4*HCSlots*HiddenSize*BF16Bytes+PF_Rows*HiddenSize*BF16Bytes) -> 92812878940 | AA43: =0 -> 0 | AB43: =0 -> 0
A44: Norm | B44: Norm | C44: All active layers + final norm | D44: =TEXT(IF(ABS(U44)>=1E12,U44/1E12,IF(ABS(U44)>=1E9,U44/1E9,IF(ABS(U44)>=1E6,U44/1E6,IF(ABS(U44)>=1E3,U44/1E3,U44)))),"#,##0.000")&IF((IF(ABS(U44)>=1E12,"TB",IF(ABS(U44)>=1E9,"GB",IF(ABS(U44)>=1E6,"MB",IF(ABS(U44)>=1E3,"KB","bytes")))))="",""," "&(IF(ABS(U44)>=1E12,"TB",IF(ABS(U44)>=1E9,"GB",IF(ABS(U44)>=1E6,"MB",IF(ABS(U44)>=1E3,"KB","bytes")))))) -> 1.701 MB | E44: =TEXT(IF(ABS(V44)>=1E15,V44/1E15,IF(ABS(V44)>=1E12,V44/1E12,IF(ABS(V44)>=1E9,V44/1E9,IF(ABS(V44)>=1E6,V44/1E6,V44)))),"#,##0.000")&IF((IF(ABS(V44)>=1E15,"PFLOPs",IF(ABS(V44)>=1E12,"TFLOPs",IF(ABS(V44)>=1E9,"GFLOPs",IF(ABS(V44)>=1E6,"MFLOPs","flops")))))="",""," "&(IF(ABS(V44)>=1E15,"PFLOPs",IF(ABS(V44)>=1E12,"TFLOPs",IF(ABS(V44)>=1E9,"GFLOPs",IF(ABS(V44)>=1E6,"MFLOPs","flops")))))) -> 11.678 GFLOPs | F44: =TEXT(IF(ABS(AA44)>=1E12,AA44/1E12,IF(ABS(AA44)>=1E9,AA44/1E9,IF(ABS(AA44)>=1E6,AA44/1E6,IF(ABS(AA44)>=1E3,AA44/1E3,AA44)))),"#,##0.000")&IF((IF(ABS(AA44)>=1E12,"TB",IF(ABS(AA44)>=1E9,"GB",IF(ABS(AA44)>=1E6,"MB",IF(ABS(AA44)>=1E3,"KB","bytes")))))="",""," "&(IF(ABS(AA44)>=1E12,"TB",IF(ABS(AA44)>=1E9,"GB",IF(ABS(AA44)>=1E6,"MB",IF(ABS(AA44)>=1E3,"KB","bytes")))))) -> 0.000 B | G44: =TEXT(IF(ABS(X44)>=1E12,X44/1E12,IF(ABS(X44)>=1E9,X44/1E9,IF(ABS(X44)>=1E6,X44/1E6,IF(ABS(X44)>=1E3,X44/1E3,X44)))),"#,##0.000")&IF((IF(ABS(X44)>=1E12,"TB",IF(ABS(X44)>=1E9,"GB",IF(ABS(X44)>=1E6,"MB",IF(ABS(X44)>=1E3,"KB","bytes")))))="",""," "&(IF(ABS(X44)>=1E12,"TB",IF(ABS(X44)>=1E9,"GB",IF(ABS(X44)>=1E6,"MB",IF(ABS(X44)>=1E3,"KB","bytes")))))) -> 1.691 MB | H44: =TEXT(IF(ABS(Y44)>=1E15,Y44/1E15,IF(ABS(Y44)>=1E12,Y44/1E12,IF(ABS(Y44)>=1E9,Y44/1E9,IF(ABS(Y44)>=1E6,Y44/1E6,Y44)))),"#,##0.000")&IF((IF(ABS(Y44)>=1E15,"PFLOPs",IF(ABS(Y44)>=1E12,"TFLOPs",IF(ABS(Y44)>=1E9,"GFLOPs",IF(ABS(Y44)>=1E6,"MFLOPs","flops")))))="",""," "&(IF(ABS(Y44)>=1E15,"PFLOPs",IF(ABS(Y44)>=1E12,"TFLOPs",IF(ABS(Y44)>=1E9,"GFLOPs",IF(ABS(Y44)>=1E6,"MFLOPs","flops")))))) -> 11.678 GFLOPs | I44: =TEXT(IF(ABS(AB44)>=1E12,AB44/1E12,IF(ABS(AB44)>=1E9,AB44/1E9,IF(ABS(AB44)>=1E6,AB44/1E6,IF(ABS(AB44)>=1E3,AB44/1E3,AB44)))),"#,##0.000")&IF((IF(ABS(AB44)>=1E12,"TB",IF(ABS(AB44)>=1E9,"GB",IF(ABS(AB44)>=1E6,"MB",IF(ABS(AB44)>=1E3,"KB","bytes")))))="",""," "&(IF(ABS(AB44)>=1E12,"TB",IF(ABS(AB44)>=1E9,"GB",IF(ABS(AB44)>=1E6,"MB",IF(ABS(AB44)>=1E3,"KB","bytes")))))) -> 0.000 B | J44: FP32 normalization parameters | K44: BF16 input/output; FP32 normalization | L44: RMSNorm 在 FP32 中计算，输出回到 BF16；注意力 Sink 向量的参数容量随 Norm 组件计入。 | U44: =(TotalLayers*(2*HiddenSize+QLoraRank+HeadDim+TP1LocalHeads))*FP32Bytes+(HiddenSize)*FP32Bytes -> 1700608 | V44: =PF_Rows*TotalLayers*2*(4*HiddenSize+1)+PF_Rows*(4*HiddenSize+1) -> 11677655040 | W44: =(TotalLayers*(2*HiddenSize+QLoraRank+HeadDim+TP1LocalHeads)*FP32Bytes+HiddenSize*FP32Bytes+PF_Rows*TotalLayers*2*HiddenSize*BF16Bytes+PF_Rows*HiddenSize*BF16Bytes)+(PF_Rows*TotalLayers*2*HiddenSize*BF16Bytes+PF_Rows*HiddenSize*BF16Bytes) -> 11678642944 | X44: =(TotalLayers*(2*HiddenSize+QLoraRank+HeadDim+TP8LocalHeads))*FP32Bytes+(HiddenSize)*FP32Bytes -> 1690976 | Y44: =PF_Rows*TotalLayers*2*(4*HiddenSize+1)+PF_Rows*(4*HiddenSize+1) -> 11677655040 | Z44: =(TotalLayers*(2*HiddenSize+QLoraRank+HeadDim+TP8LocalHeads)*FP32Bytes+HiddenSize*FP32Bytes+PF_Rows*TotalLayers*2*HiddenSize*BF16Bytes+PF_Rows*HiddenSize*BF16Bytes)+(PF_Rows*TotalLayers*2*HiddenSize*BF16Bytes+PF_Rows*HiddenSize*BF16Bytes) -> 11678633312 | AA44: =0 -> 0 | AB44: =0 -> 0
A45: residual | B45: residual | C45: HC state workspace | D45: =TEXT(IF(ABS(U45)>=1E12,U45/1E12,IF(ABS(U45)>=1E9,U45/1E9,IF(ABS(U45)>=1E6,U45/1E6,IF(ABS(U45)>=1E3,U45/1E3,U45)))),"#,##0.000")&IF((IF(ABS(U45)>=1E12,"TB",IF(ABS(U45)>=1E9,"GB",IF(ABS(U45)>=1E6,"MB",IF(ABS(U45)>=1E3,"KB","bytes")))))="",""," "&(IF(ABS(U45)>=1E12,"TB",IF(ABS(U45)>=1E9,"GB",IF(ABS(U45)>=1E6,"MB",IF(ABS(U45)>=1E3,"KB","bytes")))))) -> 0.000 B | E45: =TEXT(IF(ABS(V45)>=1E15,V45/1E15,IF(ABS(V45)>=1E12,V45/1E12,IF(ABS(V45)>=1E9,V45/1E9,IF(ABS(V45)>=1E6,V45/1E6,V45)))),"#,##0.000")&IF((IF(ABS(V45)>=1E15,"PFLOPs",IF(ABS(V45)>=1E12,"TFLOPs",IF(ABS(V45)>=1E9,"GFLOPs",IF(ABS(V45)>=1E6,"MFLOPs","flops")))))="",""," "&(IF(ABS(V45)>=1E15,"PFLOPs",IF(ABS(V45)>=1E12,"TFLOPs",IF(ABS(V45)>=1E9,"GFLOPs",IF(ABS(V45)>=1E6,"MFLOPs","flops")))))) -> 0.000 FLOPs | F45: =TEXT(IF(ABS(AA45)>=1E12,AA45/1E12,IF(ABS(AA45)>=1E9,AA45/1E9,IF(ABS(AA45)>=1E6,AA45/1E6,IF(ABS(AA45)>=1E3,AA45/1E3,AA45)))),"#,##0.000")&IF((IF(ABS(AA45)>=1E12,"TB",IF(ABS(AA45)>=1E9,"GB",IF(ABS(AA45)>=1E6,"MB",IF(ABS(AA45)>=1E3,"KB","bytes")))))="",""," "&(IF(ABS(AA45)>=1E12,"TB",IF(ABS(AA45)>=1E9,"GB",IF(ABS(AA45)>=1E6,"MB",IF(ABS(AA45)>=1E3,"KB","bytes")))))) -> 0.000 B | G45: =TEXT(IF(ABS(X45)>=1E12,X45/1E12,IF(ABS(X45)>=1E9,X45/1E9,IF(ABS(X45)>=1E6,X45/1E6,IF(ABS(X45)>=1E3,X45/1E3,X45)))),"#,##0.000")&IF((IF(ABS(X45)>=1E12,"TB",IF(ABS(X45)>=1E9,"GB",IF(ABS(X45)>=1E6,"MB",IF(ABS(X45)>=1E3,"KB","bytes")))))="",""," "&(IF(ABS(X45)>=1E12,"TB",IF(ABS(X45)>=1E9,"GB",IF(ABS(X45)>=1E6,"MB",IF(ABS(X45)>=1E3,"KB","bytes")))))) -> 0.000 B | H45: =TEXT(IF(ABS(Y45)>=1E15,Y45/1E15,IF(ABS(Y45)>=1E12,Y45/1E12,IF(ABS(Y45)>=1E9,Y45/1E9,IF(ABS(Y45)>=1E6,Y45/1E6,Y45)))),"#,##0.000")&IF((IF(ABS(Y45)>=1E15,"PFLOPs",IF(ABS(Y45)>=1E12,"TFLOPs",IF(ABS(Y45)>=1E9,"GFLOPs",IF(ABS(Y45)>=1E6,"MFLOPs","flops")))))="",""," "&(IF(ABS(Y45)>=1E15,"PFLOPs",IF(ABS(Y45)>=1E12,"TFLOPs",IF(ABS(Y45)>=1E9,"GFLOPs",IF(ABS(Y45)>=1E6,"MFLOPs","flops")))))) -> 0.000 FLOPs | I45: =TEXT(IF(ABS(AB45)>=1E12,AB45/1E12,IF(ABS(AB45)>=1E9,AB45/1E9,IF(ABS(AB45)>=1E6,AB45/1E6,IF(ABS(AB45)>=1E3,AB45/1E3,AB45)))),"#,##0.000")&IF((IF(ABS(AB45)>=1E12,"TB",IF(ABS(AB45)>=1E9,"GB",IF(ABS(AB45)>=1E6,"MB",IF(ABS(AB45)>=1E3,"KB","bytes")))))="",""," "&(IF(ABS(AB45)>=1E12,"TB",IF(ABS(AB45)>=1E9,"GB",IF(ABS(AB45)>=1E6,"MB",IF(ABS(AB45)>=1E3,"KB","bytes")))))) -> 0.000 B | J45: N/A | K45: BF16 residual / HC state | L45: 临时 BF16 residual/HC state 不重复计入 HBM 流量；驻留容量口径在场景汇总中单独说明。 | U45: =0 -> 0 | V45: =0 -> 0 | W45: =(0)+(0) -> 0 | X45: =0 -> 0 | Y45: =0 -> 0 | Z45: =(0)+(0) -> 0 | AA45: =0 -> 0 | AB45: =0 -> 0
A46: LM Head | B46: LM Head | C46: Tail | D46: =TEXT(IF(ABS(U46)>=1E12,U46/1E12,IF(ABS(U46)>=1E9,U46/1E9,IF(ABS(U46)>=1E6,U46/1E6,IF(ABS(U46)>=1E3,U46/1E3,U46)))),"#,##0.000")&IF((IF(ABS(U46)>=1E12,"TB",IF(ABS(U46)>=1E9,"GB",IF(ABS(U46)>=1E6,"MB",IF(ABS(U46)>=1E3,"KB","bytes")))))="",""," "&(IF(ABS(U46)>=1E12,"TB",IF(ABS(U46)>=1E9,"GB",IF(ABS(U46)>=1E6,"MB",IF(ABS(U46)>=1E3,"KB","bytes")))))) -> 2.118 GB | E46: =TEXT(IF(ABS(V46)>=1E15,V46/1E15,IF(ABS(V46)>=1E12,V46/1E12,IF(ABS(V46)>=1E9,V46/1E9,IF(ABS(V46)>=1E6,V46/1E6,V46)))),"#,##0.000")&IF((IF(ABS(V46)>=1E15,"PFLOPs",IF(ABS(V46)>=1E12,"TFLOPs",IF(ABS(V46)>=1E9,"GFLOPs",IF(ABS(V46)>=1E6,"MFLOPs","flops")))))="",""," "&(IF(ABS(V46)>=1E15,"PFLOPs",IF(ABS(V46)>=1E12,"TFLOPs",IF(ABS(V46)>=1E9,"GFLOPs",IF(ABS(V46)>=1E6,"MFLOPs","flops")))))) -> 1.059 GFLOPs | F46: =TEXT(IF(ABS(AA46)>=1E12,AA46/1E12,IF(ABS(AA46)>=1E9,AA46/1E9,IF(ABS(AA46)>=1E6,AA46/1E6,IF(ABS(AA46)>=1E3,AA46/1E3,AA46)))),"#,##0.000")&IF((IF(ABS(AA46)>=1E12,"TB",IF(ABS(AA46)>=1E9,"GB",IF(ABS(AA46)>=1E6,"MB",IF(ABS(AA46)>=1E3,"KB","bytes")))))="",""," "&(IF(ABS(AA46)>=1E12,"TB",IF(ABS(AA46)>=1E9,"GB",IF(ABS(AA46)>=1E6,"MB",IF(ABS(AA46)>=1E3,"KB","bytes")))))) -> 0.000 B | G46: =TEXT(IF(ABS(X46)>=1E12,X46/1E12,IF(ABS(X46)>=1E9,X46/1E9,IF(ABS(X46)>=1E6,X46/1E6,IF(ABS(X46)>=1E3,X46/1E3,X46)))),"#,##0.000")&IF((IF(ABS(X46)>=1E12,"TB",IF(ABS(X46)>=1E9,"GB",IF(ABS(X46)>=1E6,"MB",IF(ABS(X46)>=1E3,"KB","bytes")))))="",""," "&(IF(ABS(X46)>=1E12,"TB",IF(ABS(X46)>=1E9,"GB",IF(ABS(X46)>=1E6,"MB",IF(ABS(X46)>=1E3,"KB","bytes")))))) -> 264.765 MB | H46: =TEXT(IF(ABS(Y46)>=1E15,Y46/1E15,IF(ABS(Y46)>=1E12,Y46/1E12,IF(ABS(Y46)>=1E9,Y46/1E9,IF(ABS(Y46)>=1E6,Y46/1E6,Y46)))),"#,##0.000")&IF((IF(ABS(Y46)>=1E15,"PFLOPs",IF(ABS(Y46)>=1E12,"TFLOPs",IF(ABS(Y46)>=1E9,"GFLOPs",IF(ABS(Y46)>=1E6,"MFLOPs","flops")))))="",""," "&(IF(ABS(Y46)>=1E15,"PFLOPs",IF(ABS(Y46)>=1E12,"TFLOPs",IF(ABS(Y46)>=1E9,"GFLOPs",IF(ABS(Y46)>=1E6,"MFLOPs","flops")))))) -> 132.383 MFLOPs | I46: =TEXT(IF(ABS(AB46)>=1E12,AB46/1E12,IF(ABS(AB46)>=1E9,AB46/1E9,IF(ABS(AB46)>=1E6,AB46/1E6,IF(ABS(AB46)>=1E3,AB46/1E3,AB46)))),"#,##0.000")&IF((IF(ABS(AB46)>=1E12,"TB",IF(ABS(AB46)>=1E9,"GB",IF(ABS(AB46)>=1E6,"MB",IF(ABS(AB46)>=1E3,"KB","bytes")))))="",""," "&(IF(ABS(AB46)>=1E12,"TB",IF(ABS(AB46)>=1E9,"GB",IF(ABS(AB46)>=1E6,"MB",IF(ABS(AB46)>=1E3,"KB","bytes")))))) -> 904.960 KB | J46: FP32 LM Head parameters | K46: FP32 logits | L46: 推理路径仅根据最后一个隐藏令牌计算 logits；词表 AllGather 集合通信已计入本行。 | U46: =TP1LocalVocab*HiddenSize*FP32Bytes -> 2118123520 | V46: =2*PrefillBatch*HiddenSize*TP1LocalVocab -> 1059061760 | W46: =(TP1LocalVocab*HiddenSize*FP32Bytes+PrefillBatch*HiddenSize*FP32Bytes)+(PrefillBatch*TP1LocalVocab*FP32Bytes) -> 2118657024 | X46: =TP8LocalVocab*HiddenSize*FP32Bytes -> 264765440 | Y46: =2*PrefillBatch*HiddenSize*TP8LocalVocab -> 132382720 | Z46: =(TP8LocalVocab*HiddenSize*FP32Bytes+PrefillBatch*HiddenSize*FP32Bytes)+(PrefillBatch*TP8LocalVocab*FP32Bytes) -> 264846464 | AA46: =2*(TP1Size-1)*PrefillBatch*TP1LocalVocab*FP32Bytes -> 0 | AB46: =2*(TP8Size-1)*PrefillBatch*TP8LocalVocab*FP32Bytes -> 904960
AO48: =(0)+(TotalLayers*2*(2*PF_Rows*HCSlots*HiddenSize*((2+HCSlots)*HCSlots)+PF_Rows*(2*HCSlots*HiddenSize+1)+PF_Rows*HiddenSize*(2*HCSlots-1)+PF_Rows*HCSlots*HiddenSize*(2*HCSlots+1))+2*PF_Rows*HCSlots*HiddenSize*HCSlots+PF_Rows*(2*HCSlots*HiddenSize+1)+PF_Rows*HiddenSize*(2*HCSlots-1))+(PF_Rows*TotalLayers*2*(4*HiddenSize+1)+PF_Rows*(4*HiddenSize+1))+(0)+(2*PrefillBatch*HiddenSize*TP1LocalVocab) -> 715535007744 | AP48: =(0)+(TotalLayers*2*(2*PF_Rows*HCSlots*HiddenSize*((2+HCSlots)*HCSlots)+PF_Rows*(2*HCSlots*HiddenSize+1)+PF_Rows*HiddenSize*(2*HCSlots-1)+PF_Rows*HCSlots*HiddenSize*(2*HCSlots+1))+2*PF_Rows*HCSlots*HiddenSize*HCSlots+PF_Rows*(2*HCSlots*HiddenSize+1)+PF_Rows*HiddenSize*(2*HCSlots-1))+(PF_Rows*TotalLayers*2*(4*HiddenSize+1)+PF_Rows*(4*HiddenSize+1))+(0)+(2*PrefillBatch*HiddenSize*TP8LocalVocab) -> 714608328704 | AQ48: =((PF_Rows*HiddenSize*BF16Bytes)+(PF_Rows*HiddenSize*BF16Bytes))+((TotalLayers*2*((2+HCSlots)*HCSlots*HCSlots*HiddenSize*FP32Bytes+((2+HCSlots)*HCSlots+3)*FP32Bytes)+PF_Rows*TotalLayers*4*HCSlots*HiddenSize*BF16Bytes+(HCSlots*HCSlots*HiddenSize+HCSlots+1)*FP32Bytes+PF_Rows*HCSlots*HiddenSize*BF16Bytes)+(PF_Rows*TotalLayers*4*HCSlots*HiddenSize*BF16Bytes+PF_Rows*HiddenSize*BF16Bytes))+((TotalLayers*(2*HiddenSize+QLoraRank+HeadDim+TP1LocalHeads)*FP32Bytes+HiddenSize*FP32Bytes+PF_Rows*TotalLayers*2*HiddenSize*BF16Bytes+PF_Rows*HiddenSize*BF16Bytes)+(PF_Rows*TotalLayers*2*HiddenSize*BF16Bytes+PF_Rows*HiddenSize*BF16Bytes))+((0)+(0))+((TP1LocalVocab*HiddenSize*FP32Bytes+PrefillBatch*HiddenSize*FP32Bytes)+(PrefillBatch*TP1LocalVocab*FP32Bytes)) -> 106744396636 | AR48: =((PF_Rows*HiddenSize*BF16Bytes)+(PF_Rows*HiddenSize*BF16Bytes))+((TotalLayers*2*((2+HCSlots)*HCSlots*HCSlots*HiddenSize*FP32Bytes+((2+HCSlots)*HCSlots+3)*FP32Bytes)+PF_Rows*TotalLayers*4*HCSlots*HiddenSize*BF16Bytes+(HCSlots*HCSlots*HiddenSize+HCSlots+1)*FP32Bytes+PF_Rows*HCSlots*HiddenSize*BF16Bytes)+(PF_Rows*TotalLayers*4*HCSlots*HiddenSize*BF16Bytes+PF_Rows*HiddenSize*BF16Bytes))+((TotalLayers*(2*HiddenSize+QLoraRank+HeadDim+TP8LocalHeads)*FP32Bytes+HiddenSize*FP32Bytes+PF_Rows*TotalLayers*2*HiddenSize*BF16Bytes+PF_Rows*HiddenSize*BF16Bytes)+(PF_Rows*TotalLayers*2*HiddenSize*BF16Bytes+PF_Rows*HiddenSize*BF16Bytes))+((0)+(0))+((TP8LocalVocab*HiddenSize*FP32Bytes+PrefillBatch*HiddenSize*FP32Bytes)+(PrefillBatch*TP8LocalVocab*FP32Bytes)) -> 104890576444 | AS48: =(4*(TP1Size-1)/TP1Size*PF_Rows*HiddenSize*BF16Bytes)+(0)+(0)+(0)+(0)+(0)+(0)+(0)+(0)+(0)+(0)+(0)+(0)+(0)+(0)+(0)+(2*(TP1Size-1)*PrefillBatch*TP1LocalVocab*FP32Bytes)+(4*(TP1Size-1)/TP1Size*PF_Rows*HiddenSize*FP32Bytes*TotalLayers)+(4*(TP1Size-1)/TP1Size*PF_Rows*HiddenSize*FP32Bytes*TotalLayers) -> 0 | AT48: =(4*(TP8Size-1)/TP8Size*PF_Rows*HiddenSize*BF16Bytes)+(0)+(0)+(0)+(0)+(0)+(0)+(0)+(0)+(0)+(0)+(0)+(0)+(0)+(0)+(0)+(2*(TP8Size-1)*PrefillBatch*TP8LocalVocab*FP32Bytes)+(4*(TP8Size-1)/TP8Size*PF_Rows*HiddenSize*FP32Bytes*TotalLayers)+(4*(TP8Size-1)/TP8Size*PF_Rows*HiddenSize*FP32Bytes*TotalLayers) -> 40635322112 | AU48: ='Prefill_8K'!$AF$13/'Prefill_8K'!$AG$13 -> 347.75854 | AV48: ='Prefill_8K'!$AI$13/'Prefill_8K'!$AJ$13 -> 150.682 | AW48: ='Prefill_8K'!$AG$13/(PrefillTargetMs/1000)/1E9 -> 656.77088 | AX48: ='Prefill_8K'!$AJ$13/(PrefillTargetMs/1000)/1E9 -> 369.33788
AY49: =(TotalLayers*(HiddenSize*QLoraRank+QLoraRank*TP1LocalHeads*HeadDim+HiddenSize*HeadDim+TP1LocalHeads*HeadDim*OLoraRank+TP1LocalOGroups*OLoraRank*HiddenSize))+(ShortLayers*(2*HiddenSize*(2*HeadDim)+ShortRatio*2*HeadDim+HeadDim))+(LongLayers*(2*HiddenSize*HeadDim+LongRatio*HeadDim+HeadDim))+(ShortLayers*(QLoraRank*TP1LocalIndexHeads*IndexHeadDim+HiddenSize*TP1LocalIndexHeads))+(ShortLayers*(2*HiddenSize*(2*IndexHeadDim)+ShortRatio*2*IndexHeadDim+IndexHeadDim)) -> 5086249088 | AZ49: =(TotalLayers*(HiddenSize*QLoraRank+QLoraRank*TP8LocalHeads*HeadDim+HiddenSize*HeadDim+TP8LocalHeads*HeadDim*OLoraRank+TP8LocalOGroups*OLoraRank*HiddenSize))+(ShortLayers*(2*HiddenSize*(2*HeadDim)+ShortRatio*2*HeadDim+HeadDim))+(LongLayers*(2*HiddenSize*HeadDim+LongRatio*HeadDim+HeadDim))+(ShortLayers*(QLoraRank*TP8LocalIndexHeads*IndexHeadDim+HiddenSize*TP8LocalIndexHeads))+(ShortLayers*(2*HiddenSize*(2*IndexHeadDim)+ShortRatio*2*IndexHeadDim+IndexHeadDim)) -> 1139835008 | BA49: =(TotalLayers*(((HiddenSize)*(QLoraRank)*FP8Bytes+ROUNDUP((HiddenSize)/FP8Block,0)*ROUNDUP((QLoraRank)/FP8Block,0)*ScaleBytes)+((QLoraRank)*(TP1LocalHeads*HeadDim)*FP8Bytes+ROUNDUP((QLoraRank)/FP8Block,0)*ROUNDUP((TP1LocalHeads*HeadDim)/FP8Block,0)*ScaleBytes)+((HiddenSize)*(HeadDim)*FP8Bytes+ROUNDUP((HiddenSize)/FP8Block,0)*ROUNDUP((HeadDim)/FP8Block,0)*ScaleBytes)+TP1LocalHeads*HeadDim*OLoraRank*BF16Bytes+((TP1LocalOGroups*OLoraRank)*(HiddenSize)*FP8Bytes+ROUNDUP((TP1LocalOGroups*OLoraRank)/FP8Block,0)*ROUNDUP((HiddenSize)/FP8Block,0)*ScaleBytes)))+(ShortLayers*(2*HiddenSize*(2*HeadDim)*FP32Bytes+ShortRatio*2*HeadDim*FP32Bytes+HeadDim*FP32Bytes))+(LongLayers*(2*HiddenSize*HeadDim*FP32Bytes+LongRatio*HeadDim*FP32Bytes+HeadDim*FP32Bytes))+(ShortLayers*(((QLoraRank)*(TP1LocalIndexHeads*IndexHeadDim)*FP8Bytes+ROUNDUP((QLoraRank)/FP8Block,0)*ROUNDUP((TP1LocalIndexHeads*IndexHeadDim)/FP8Block,0)*ScaleBytes)+HiddenSize*TP1LocalIndexHeads*BF16Bytes))+(ShortLayers*(2*HiddenSize*(2*IndexHeadDim)*FP32Bytes+ShortRatio*2*IndexHeadDim*FP32Bytes+IndexHeadDim*FP32Bytes)) -> 7451384960 | BB49: =(TotalLayers*(((HiddenSize)*(QLoraRank)*FP8Bytes+ROUNDUP((HiddenSize)/FP8Block,0)*ROUNDUP((QLoraRank)/FP8Block,0)*ScaleBytes)+((QLoraRank)*(TP8LocalHeads*HeadDim)*FP8Bytes+ROUNDUP((QLoraRank)/FP8Block,0)*ROUNDUP((TP8LocalHeads*HeadDim)/FP8Block,0)*ScaleBytes)+((HiddenSize)*(HeadDim)*FP8Bytes+ROUNDUP((HiddenSize)/FP8Block,0)*ROUNDUP((HeadDim)/FP8Block,0)*ScaleBytes)+TP8LocalHeads*HeadDim*OLoraRank*BF16Bytes+((TP8LocalOGroups*OLoraRank)*(HiddenSize)*FP8Bytes+ROUNDUP((TP8LocalOGroups*OLoraRank)/FP8Block,0)*ROUNDUP((HiddenSize)/FP8Block,0)*ScaleBytes)))+(ShortLayers*(2*HiddenSize*(2*HeadDim)*FP32Bytes+ShortRatio*2*HeadDim*FP32Bytes+HeadDim*FP32Bytes))+(LongLayers*(2*HiddenSize*HeadDim*FP32Bytes+LongRatio*HeadDim*FP32Bytes+HeadDim*FP32Bytes))+(ShortLayers*(((QLoraRank)*(TP8LocalIndexHeads*IndexHeadDim)*FP8Bytes+ROUNDUP((QLoraRank)/FP8Block,0)*ROUNDUP((TP8LocalIndexHeads*IndexHeadDim)/FP8Block,0)*ScaleBytes)+HiddenSize*TP8LocalIndexHeads*BF16Bytes))+(ShortLayers*(2*HiddenSize*(2*IndexHeadDim)*FP32Bytes+ShortRatio*2*IndexHeadDim*FP32Bytes+IndexHeadDim*FP32Bytes)) -> 2237504960
AY50: =(TotalLayers*TP1LocalExperts*3*HiddenSize*ExpertInter)+(TotalLayers*SharedExperts*3*HiddenSize*ExpertInter)+(TotalLayers*RoutedExperts*HiddenSize+(TotalLayers-ActiveHashLayers)*RoutedExperts+ActiveHashLayers*VocabSize*ActivatedExperts) -> 278154947072 | AZ50: =(TotalLayers*TP8LocalExperts*3*HiddenSize*ExpertInter)+(TotalLayers*SharedExperts*3*HiddenSize*ExpertInter)+(TotalLayers*RoutedExperts*HiddenSize+(TotalLayers-ActiveHashLayers)*RoutedExperts+ActiveHashLayers*VocabSize*ActivatedExperts) -> 35757730304 | BA50: =(TotalLayers*TP1LocalExperts*(3*HiddenSize*ExpertInter*FP4Bytes+3*HiddenSize*ExpertInter/FP4Block*ScaleBytes))+(TotalLayers*SharedExperts*(2*((HiddenSize)*(ExpertInter)*FP8Bytes+ROUNDUP((HiddenSize)/FP8Block,0)*ROUNDUP((ExpertInter)/FP8Block,0)*ScaleBytes)+((ExpertInter)*(HiddenSize)*FP8Bytes+ROUNDUP((ExpertInter)/FP8Block,0)*ROUNDUP((HiddenSize)/FP8Block,0)*ScaleBytes)))+(TotalLayers*RoutedExperts*HiddenSize*BF16Bytes+(TotalLayers-ActiveHashLayers)*RoutedExperts*FP32Bytes+ActiveHashLayers*VocabSize*ActivatedExperts*INT32Bytes) -> 148351461888 | BB50: =(TotalLayers*TP8LocalExperts*(3*HiddenSize*ExpertInter*FP4Bytes+3*HiddenSize*ExpertInter/FP4Block*ScaleBytes))+(TotalLayers*SharedExperts*(2*((HiddenSize)*(ExpertInter)*FP8Bytes+ROUNDUP((HiddenSize)/FP8Block,0)*ROUNDUP((ExpertInter)/FP8Block,0)*ScaleBytes)+((ExpertInter)*(HiddenSize)*FP8Bytes+ROUNDUP((ExpertInter)/FP8Block,0)*ROUNDUP((HiddenSize)/FP8Block,0)*ScaleBytes)))+(TotalLayers*RoutedExperts*HiddenSize*BF16Bytes+(TotalLayers-ActiveHashLayers)*RoutedExperts*FP32Bytes+ActiveHashLayers*VocabSize*ActivatedExperts*INT32Bytes) -> 19577940480
AY51: =(TP1LocalVocab*HiddenSize)+(TP1LocalVocab*HiddenSize)+(TotalLayers*2*(((2+HCSlots)*HCSlots)*HCSlots*HiddenSize+((2+HCSlots)*HCSlots)+3))+(TotalLayers*(2*HiddenSize+QLoraRank+HeadDim+TP1LocalHeads))+(HCSlots*HCSlots*HiddenSize+HCSlots+1)+(HiddenSize) -> 1093371351 | AZ51: =(TP8LocalVocab*HiddenSize)+(TP8LocalVocab*HiddenSize)+(TotalLayers*2*(((2+HCSlots)*HCSlots)*HCSlots*HiddenSize+((2+HCSlots)*HCSlots)+3))+(TotalLayers*(2*HiddenSize+QLoraRank+HeadDim+TP8LocalHeads))+(HCSlots*HCSlots*HiddenSize+HCSlots+1)+(HiddenSize) -> 166689903 | BA51: =(TP1LocalVocab*HiddenSize*BF16Bytes)+(TP1LocalVocab*HiddenSize*FP32Bytes)+((TotalLayers*2*(((2+HCSlots)*HCSlots)*HCSlots*HiddenSize+((2+HCSlots)*HCSlots)+3))*FP32Bytes)+((TotalLayers*(2*HiddenSize+QLoraRank+HeadDim+TP1LocalHeads))*FP32Bytes)+((HCSlots*HCSlots*HiddenSize+HCSlots+1)*FP32Bytes)+((HiddenSize)*FP32Bytes) -> 3314423644 | BB51: =(TP8LocalVocab*HiddenSize*BF16Bytes)+(TP8LocalVocab*HiddenSize*FP32Bytes)+((TotalLayers*2*(((2+HCSlots)*HCSlots)*HCSlots*HiddenSize+((2+HCSlots)*HCSlots)+3))*FP32Bytes)+((TotalLayers*(2*HiddenSize+QLoraRank+HeadDim+TP8LocalHeads))*FP32Bytes)+((HCSlots*HCSlots*HiddenSize+HCSlots+1)*FP32Bytes)+((HiddenSize)*FP32Bytes) -> 534376892
AY52: =(TotalLayers*(HiddenSize*QLoraRank+QLoraRank*TP1LocalHeads*HeadDim+HiddenSize*HeadDim+TP1LocalHeads*HeadDim*OLoraRank+TP1LocalOGroups*OLoraRank*HiddenSize))+(ShortLayers*(2*HiddenSize*(2*HeadDim)+ShortRatio*2*HeadDim+HeadDim))+(LongLayers*(2*HiddenSize*HeadDim+LongRatio*HeadDim+HeadDim))+(ShortLayers*(QLoraRank*TP1LocalIndexHeads*IndexHeadDim+HiddenSize*TP1LocalIndexHeads))+(ShortLayers*(2*HiddenSize*(2*IndexHeadDim)+ShortRatio*2*IndexHeadDim+IndexHeadDim))+(TotalLayers*TP1LocalExperts*3*HiddenSize*ExpertInter)+(TotalLayers*SharedExperts*3*HiddenSize*ExpertInter)+(TotalLayers*RoutedExperts*HiddenSize+(TotalLayers-ActiveHashLayers)*RoutedExperts+ActiveHashLayers*VocabSize*ActivatedExperts)+(TP1LocalVocab*HiddenSize)+(TP1LocalVocab*HiddenSize)+(TotalLayers*2*(((2+HCSlots)*HCSlots)*HCSlots*HiddenSize+((2+HCSlots)*HCSlots)+3))+(TotalLayers*(2*HiddenSize+QLoraRank+HeadDim+TP1LocalHeads))+(HCSlots*HCSlots*HiddenSize+HCSlots+1)+(HiddenSize) -> 284334567511 | AZ52: =(TotalLayers*(HiddenSize*QLoraRank+QLoraRank*TP8LocalHeads*HeadDim+HiddenSize*HeadDim+TP8LocalHeads*HeadDim*OLoraRank+TP8LocalOGroups*OLoraRank*HiddenSize))+(ShortLayers*(2*HiddenSize*(2*HeadDim)+ShortRatio*2*HeadDim+HeadDim))+(LongLayers*(2*HiddenSize*HeadDim+LongRatio*HeadDim+HeadDim))+(ShortLayers*(QLoraRank*TP8LocalIndexHeads*IndexHeadDim+HiddenSize*TP8LocalIndexHeads))+(ShortLayers*(2*HiddenSize*(2*IndexHeadDim)+ShortRatio*2*IndexHeadDim+IndexHeadDim))+(TotalLayers*TP8LocalExperts*3*HiddenSize*ExpertInter)+(TotalLayers*SharedExperts*3*HiddenSize*ExpertInter)+(TotalLayers*RoutedExperts*HiddenSize+(TotalLayers-ActiveHashLayers)*RoutedExperts+ActiveHashLayers*VocabSize*ActivatedExperts)+(TP8LocalVocab*HiddenSize)+(TP8LocalVocab*HiddenSize)+(TotalLayers*2*(((2+HCSlots)*HCSlots)*HCSlots*HiddenSize+((2+HCSlots)*HCSlots)+3))+(TotalLayers*(2*HiddenSize+QLoraRank+HeadDim+TP8LocalHeads))+(HCSlots*HCSlots*HiddenSize+HCSlots+1)+(HiddenSize) -> 37064255215 | BA52: =(TotalLayers*(((HiddenSize)*(QLoraRank)*FP8Bytes+ROUNDUP((HiddenSize)/FP8Block,0)*ROUNDUP((QLoraRank)/FP8Block,0)*ScaleBytes)+((QLoraRank)*(TP1LocalHeads*HeadDim)*FP8Bytes+ROUNDUP((QLoraRank)/FP8Block,0)*ROUNDUP((TP1LocalHeads*HeadDim)/FP8Block,0)*ScaleBytes)+((HiddenSize)*(HeadDim)*FP8Bytes+ROUNDUP((HiddenSize)/FP8Block,0)*ROUNDUP((HeadDim)/FP8Block,0)*ScaleBytes)+TP1LocalHeads*HeadDim*OLoraRank*BF16Bytes+((TP1LocalOGroups*OLoraRank)*(HiddenSize)*FP8Bytes+ROUNDUP((TP1LocalOGroups*OLoraRank)/FP8Block,0)*ROUNDUP((HiddenSize)/FP8Block,0)*ScaleBytes)))+(ShortLayers*(2*HiddenSize*(2*HeadDim)*FP32Bytes+ShortRatio*2*HeadDim*FP32Bytes+HeadDim*FP32Bytes))+(LongLayers*(2*HiddenSize*HeadDim*FP32Bytes+LongRatio*HeadDim*FP32Bytes+HeadDim*FP32Bytes))+(ShortLayers*(((QLoraRank)*(TP1LocalIndexHeads*IndexHeadDim)*FP8Bytes+ROUNDUP((QLoraRank)/FP8Block,0)*ROUNDUP((TP1LocalIndexHeads*IndexHeadDim)/FP8Block,0)*ScaleBytes)+HiddenSize*TP1LocalIndexHeads*BF16Bytes))+(ShortLayers*(2*HiddenSize*(2*IndexHeadDim)*FP32Bytes+ShortRatio*2*IndexHeadDim*FP32Bytes+IndexHeadDim*FP32Bytes))+(TotalLayers*TP1LocalExperts*(3*HiddenSize*ExpertInter*FP4Bytes+3*HiddenSize*ExpertInter/FP4Block*ScaleBytes))+(TotalLayers*SharedExperts*(2*((HiddenSize)*(ExpertInter)*FP8Bytes+ROUNDUP((HiddenSize)/FP8Block,0)*ROUNDUP((ExpertInter)/FP8Block,0)*ScaleBytes)+((ExpertInter)*(HiddenSize)*FP8Bytes+ROUNDUP((ExpertInter)/FP8Block,0)*ROUNDUP((HiddenSize)/FP8Block,0)*ScaleBytes)))+(TotalLayers*RoutedExperts*HiddenSize*BF16Bytes+(TotalLayers-ActiveHashLayers)*RoutedExperts*FP32Bytes+ActiveHashLayers*VocabSize*ActivatedExperts*INT32Bytes)+(TP1LocalVocab*HiddenSize*BF16Bytes)+(TP1LocalVocab*HiddenSize*FP32Bytes)+((TotalLayers*2*(((2+HCSlots)*HCSlots)*HCSlots*HiddenSize+((2+HCSlots)*HCSlots)+3))*FP32Bytes)+((TotalLayers*(2*HiddenSize+QLoraRank+HeadDim+TP1LocalHeads))*FP32Bytes)+((HCSlots*HCSlots*HiddenSize+HCSlots+1)*FP32Bytes)+((HiddenSize)*FP32Bytes) -> 159117270492 | BB52: =(TotalLayers*(((HiddenSize)*(QLoraRank)*FP8Bytes+ROUNDUP((HiddenSize)/FP8Block,0)*ROUNDUP((QLoraRank)/FP8Block,0)*ScaleBytes)+((QLoraRank)*(TP8LocalHeads*HeadDim)*FP8Bytes+ROUNDUP((QLoraRank)/FP8Block,0)*ROUNDUP((TP8LocalHeads*HeadDim)/FP8Block,0)*ScaleBytes)+((HiddenSize)*(HeadDim)*FP8Bytes+ROUNDUP((HiddenSize)/FP8Block,0)*ROUNDUP((HeadDim)/FP8Block,0)*ScaleBytes)+TP8LocalHeads*HeadDim*OLoraRank*BF16Bytes+((TP8LocalOGroups*OLoraRank)*(HiddenSize)*FP8Bytes+ROUNDUP((TP8LocalOGroups*OLoraRank)/FP8Block,0)*ROUNDUP((HiddenSize)/FP8Block,0)*ScaleBytes)))+(ShortLayers*(2*HiddenSize*(2*HeadDim)*FP32Bytes+ShortRatio*2*HeadDim*FP32Bytes+HeadDim*FP32Bytes))+(LongLayers*(2*HiddenSize*HeadDim*FP32Bytes+LongRatio*HeadDim*FP32Bytes+HeadDim*FP32Bytes))+(ShortLayers*(((QLoraRank)*(TP8LocalIndexHeads*IndexHeadDim)*FP8Bytes+ROUNDUP((QLoraRank)/FP8Block,0)*ROUNDUP((TP8LocalIndexHeads*IndexHeadDim)/FP8Block,0)*ScaleBytes)+HiddenSize*TP8LocalIndexHeads*BF16Bytes))+(ShortLayers*(2*HiddenSize*(2*IndexHeadDim)*FP32Bytes+ShortRatio*2*IndexHeadDim*FP32Bytes+IndexHeadDim*FP32Bytes))+(TotalLayers*TP8LocalExperts*(3*HiddenSize*ExpertInter*FP4Bytes+3*HiddenSize*ExpertInter/FP4Block*ScaleBytes))+(TotalLayers*SharedExperts*(2*((HiddenSize)*(ExpertInter)*FP8Bytes+ROUNDUP((HiddenSize)/FP8Block,0)*ROUNDUP((ExpertInter)/FP8Block,0)*ScaleBytes)+((ExpertInter)*(HiddenSize)*FP8Bytes+ROUNDUP((ExpertInter)/FP8Block,0)*ROUNDUP((HiddenSize)/FP8Block,0)*ScaleBytes)))+(TotalLayers*RoutedExperts*HiddenSize*BF16Bytes+(TotalLayers-ActiveHashLayers)*RoutedExperts*FP32Bytes+ActiveHashLayers*VocabSize*ActivatedExperts*INT32Bytes)+(TP8LocalVocab*HiddenSize*BF16Bytes)+(TP8LocalVocab*HiddenSize*FP32Bytes)+((TotalLayers*2*(((2+HCSlots)*HCSlots)*HCSlots*HiddenSize+((2+HCSlots)*HCSlots)+3))*FP32Bytes)+((TotalLayers*(2*HiddenSize+QLoraRank+HeadDim+TP8LocalHeads))*FP32Bytes)+((HCSlots*HCSlots*HiddenSize+HCSlots+1)*FP32Bytes)+((HiddenSize)*FP32Bytes) -> 22349822332

Sheet Decode_1M
A1: 1M-context Decode - TP1 vs TP8 inference resources
A2: 容量为单 Rank 资源；分类容量是静态参数，整网容量另含 MaxContext 预分配 KV/State。可见通信列为原始集合通信数据量，HBM 读写量保留在隐藏审计列。
A3: Helper metric | B3: Value | C3: Unit | D3: Description
A4: 令牌行数 | B4: =DecodeBatch*DecodeTokens -> 1 | C4: 令牌行 | D4: 当前场景需要处理的令牌总数；预填充为批大小乘序列长度，解码为批大小乘每步令牌数。
A5: 原始窗口候选数 | B5: =DecodeTokens*MIN(WindowSize,DecodeContext) -> 128 | C5: 对数/序列 | D5: 解码时原始滑动窗口可见的候选条目数量，受窗口大小和当前上下文长度限制。
A6: 短压缩 Top-K 候选数 | B6: =DecodeTokens*MIN(IndexTopK,INT(DecodeContext/ShortRatio)) -> 512 | C6: 对数/序列 | D6: 解码时短压缩路径最终保留的 Top-K 候选数量，取 Top-K 与已生成压缩条目数的较小值。
A7: 长压缩候选数 | B7: =DecodeTokens*INT(DecodeContext/LongRatio) -> 8192 | C7: 对数/序列 | D7: 解码时长压缩路径按长压缩比例生成的候选条目数量。
A8: Indexer 扫描候选数 | B8: =DecodeTokens*INT(DecodeContext/ShortRatio) -> 262144 | C8: 对数/序列 | D8: 解码时 ratio-4 Indexer 需要扫描的压缩条目数量，用于估算索引器评分计算量。
A9: 专家激活概率 | B9: =1-(1-ActivatedExperts/RoutedExperts)^DC_Rows -> 0.0234375 | C9: 概率 | D9: 在当前场景令牌数下，单个路由专家至少被激活一次的概率，用于估算路由专家参数读取量。
A11: 整网与主要模块汇总
A12: 类别 | B12: TP1 容量 | C12: TP1 算力 | D12: TP1 集合通信数据量 | E12: TP8 容量/rank | F12: TP8 算力/rank | G12: TP8 集合通信数据量/rank | H12: 参数类型 | I12: 激活类型 | J12: 说明
A13: 整网 | B13: =TEXT(IF(ABS(AE13)>=1E12,AE13/1E12,IF(ABS(AE13)>=1E9,AE13/1E9,IF(ABS(AE13)>=1E6,AE13/1E6,IF(ABS(AE13)>=1E3,AE13/1E3,AE13)))),"#,##0.000")&IF((IF(ABS(AE13)>=1E12,"TB",IF(ABS(AE13)>=1E9,"GB",IF(ABS(AE13)>=1E6,"MB",IF(ABS(AE13)>=1E3,"KB","bytes")))))="",""," "&(IF(ABS(AE13)>=1E12,"TB",IF(ABS(AE13)>=1E9,"GB",IF(ABS(AE13)>=1E6,"MB",IF(ABS(AE13)>=1E3,"KB","bytes")))))) -> 166.349 GB | C13: =TEXT(IF(ABS(AF13)>=1E15,AF13/1E15,IF(ABS(AF13)>=1E12,AF13/1E12,IF(ABS(AF13)>=1E9,AF13/1E9,IF(ABS(AF13)>=1E6,AF13/1E6,AF13)))),"#,##0.000")&IF((IF(ABS(AF13)>=1E15,"PFLOPs",IF(ABS(AF13)>=1E12,"TFLOPs",IF(ABS(AF13)>=1E9,"GFLOPs",IF(ABS(AF13)>=1E6,"MFLOPs","flops")))))="",""," "&(IF(ABS(AF13)>=1E15,"PFLOPs",IF(ABS(AF13)>=1E12,"TFLOPs",IF(ABS(AF13)>=1E9,"GFLOPs",IF(ABS(AF13)>=1E6,"MFLOPs","flops")))))) -> 140.356 GFLOPs | D13: =TEXT(IF(ABS(AK13)>=1E12,AK13/1E12,IF(ABS(AK13)>=1E9,AK13/1E9,IF(ABS(AK13)>=1E6,AK13/1E6,IF(ABS(AK13)>=1E3,AK13/1E3,AK13)))),"#,##0.000")&IF((IF(ABS(AK13)>=1E12,"TB",IF(ABS(AK13)>=1E9,"GB",IF(ABS(AK13)>=1E6,"MB",IF(ABS(AK13)>=1E3,"KB","bytes")))))="",""," "&(IF(ABS(AK13)>=1E12,"TB",IF(ABS(AK13)>=1E9,"GB",IF(ABS(AK13)>=1E6,"MB",IF(ABS(AK13)>=1E3,"KB","bytes")))))) -> 0.000 B | E13: =TEXT(IF(ABS(AH13)>=1E12,AH13/1E12,IF(ABS(AH13)>=1E9,AH13/1E9,IF(ABS(AH13)>=1E6,AH13/1E6,IF(ABS(AH13)>=1E3,AH13/1E3,AH13)))),"#,##0.000")&IF((IF(ABS(AH13)>=1E12,"TB",IF(ABS(AH13)>=1E9,"GB",IF(ABS(AH13)>=1E6,"MB",IF(ABS(AH13)>=1E3,"KB","bytes")))))="",""," "&(IF(ABS(AH13)>=1E12,"TB",IF(ABS(AH13)>=1E9,"GB",IF(ABS(AH13)>=1E6,"MB",IF(ABS(AH13)>=1E3,"KB","bytes")))))) -> 29.582 GB | F13: =TEXT(IF(ABS(AI13)>=1E15,AI13/1E15,IF(ABS(AI13)>=1E12,AI13/1E12,IF(ABS(AI13)>=1E9,AI13/1E9,IF(ABS(AI13)>=1E6,AI13/1E6,AI13)))),"#,##0.000")&IF((IF(ABS(AI13)>=1E15,"PFLOPs",IF(ABS(AI13)>=1E12,"TFLOPs",IF(ABS(AI13)>=1E9,"GFLOPs",IF(ABS(AI13)>=1E6,"MFLOPs","flops")))))="",""," "&(IF(ABS(AI13)>=1E15,"PFLOPs",IF(ABS(AI13)>=1E12,"TFLOPs",IF(ABS(AI13)>=1E9,"GFLOPs",IF(ABS(AI13)>=1E6,"MFLOPs","flops")))))) -> 23.550 GFLOPs | G13: =TEXT(IF(ABS(AL13)>=1E12,AL13/1E12,IF(ABS(AL13)>=1E9,AL13/1E9,IF(ABS(AL13)>=1E6,AL13/1E6,IF(ABS(AL13)>=1E3,AL13/1E3,AL13)))),"#,##0.000")&IF((IF(ABS(AL13)>=1E12,"TB",IF(ABS(AL13)>=1E9,"GB",IF(ABS(AL13)>=1E6,"MB",IF(ABS(AL13)>=1E3,"KB","bytes")))))="",""," "&(IF(ABS(AL13)>=1E12,"TB",IF(ABS(AL13)>=1E9,"GB",IF(ABS(AL13)>=1E6,"MB",IF(ABS(AL13)>=1E3,"KB","bytes")))))) -> 5.865 MB | H13: FP8 / FP4 / BF16 / FP32 | I13: BF16 / FP32 / INT32 | J13: 全推理路径；容量含 MaxContext KV/State；整网容量 = 静态参数 + 预分配 KV/State。 | AE13: =((TP1LocalVocab*HiddenSize*BF16Bytes)+(TotalLayers*(((HiddenSize)*(QLoraRank)*FP8Bytes+ROUNDUP((HiddenSize)/FP8Block,0)*ROUNDUP((QLoraRank)/FP8Block,0)*ScaleBytes)+((QLoraRank)*(TP1LocalHeads*HeadDim)*FP8Bytes+ROUNDUP((QLoraRank)/FP8Block,0)*ROUNDUP((TP1LocalHeads*HeadDim)/FP8Block,0)*ScaleBytes)+((HiddenSize)*(HeadDim)*FP8Bytes+ROUNDUP((HiddenSize)/FP8Block,0)*ROUNDUP((HeadDim)/FP8Block,0)*ScaleBytes)+TP1LocalHeads*HeadDim*OLoraRank*BF16Bytes+((TP1LocalOGroups*OLoraRank)*(HiddenSize)*FP8Bytes+ROUNDUP((TP1LocalOGroups*OLoraRank)/FP8Block,0)*ROUNDUP((HiddenSize)/FP8Block,0)*ScaleBytes)))+(0)+(0)+(0)+(ShortLayers*(((QLoraRank)*(TP1LocalIndexHeads*IndexHeadDim)*FP8Bytes+ROUNDUP((QLoraRank)/FP8Block,0)*ROUNDUP((TP1LocalIndexHeads*IndexHeadDim)/FP8Block,0)*ScaleBytes)+HiddenSize*TP1LocalIndexHeads*BF16Bytes))+(0)+(ShortLayers*(2*HiddenSize*(2*HeadDim)*FP32Bytes+ShortRatio*2*HeadDim*FP32Bytes+HeadDim*FP32Bytes))+(LongLayers*(2*HiddenSize*HeadDim*FP32Bytes+LongRatio*HeadDim*FP32Bytes+HeadDim*FP32Bytes))+(ShortLayers*(2*HiddenSize*(2*IndexHeadDim)*FP32Bytes+ShortRatio*2*IndexHeadDim*FP32Bytes+IndexHeadDim*FP32Bytes))+(TotalLayers*RoutedExperts*HiddenSize*BF16Bytes+(TotalLayers-ActiveHashLayers)*RoutedExperts*FP32Bytes+ActiveHashLayers*VocabSize*ActivatedExperts*INT32Bytes)+(TotalLayers*TP1LocalExperts*(3*HiddenSize*ExpertInter*FP4Bytes+3*HiddenSize*ExpertInter/FP4Block*ScaleBytes))+(TotalLayers*SharedExperts*(2*((HiddenSize)*(ExpertInter)*FP8Bytes+ROUNDUP((HiddenSize)/FP8Block,0)*ROUNDUP((ExpertInter)/FP8Block,0)*ScaleBytes)+((ExpertInter)*(HiddenSize)*FP8Bytes+ROUNDUP((ExpertInter)/FP8Block,0)*ROUNDUP((HiddenSize)/FP8Block,0)*ScaleBytes)))+((TotalLayers*2*(((2+HCSlots)*HCSlots)*HCSlots*HiddenSize+((2+HCSlots)*HCSlots)+3))*FP32Bytes+(HCSlots*HCSlots*HiddenSize+HCSlots+1)*FP32Bytes)+((TotalLayers*(2*HiddenSize+QLoraRank+HeadDim+TP1LocalHeads))*FP32Bytes+(HiddenSize)*FP32Bytes)+(0)+(TP1LocalVocab*HiddenSize*FP32Bytes)+(0)+(0))+(DecodeBatch*(HeadDim*BF16Bytes*(WindowLayers*WindowSize+ShortLayers*(WindowSize+INT(MaxContext/ShortRatio))+LongLayers*(WindowSize+INT(MaxContext/LongRatio)))+ShortLayers*INT(MaxContext/ShortRatio)*IndexHeadDim*BF16Bytes)+DecodeBatch*FP32Bytes*(ShortLayers*2*(2*ShortRatio)*(2*HeadDim)+LongLayers*2*LongRatio*HeadDim+ShortLayers*2*(2*ShortRatio)*(2*IndexHeadDim))) -> 166349315548 | AF13: =(0)+(DC_Rows*TotalLayers*2*(HiddenSize*QLoraRank+QLoraRank*TP1LocalHeads*HeadDim+HiddenSize*HeadDim+TP1LocalHeads*HeadDim*OLoraRank+TP1LocalOGroups*OLoraRank*HiddenSize))+(4*DecodeBatch*TP1KernelLocalHeads*HeadDim*(WindowLayers*DC_RawPairs))+(4*DecodeBatch*TP1KernelLocalHeads*HeadDim*(ShortLayers*(DC_RawPairs+DC_ShortPairs)))+(4*DecodeBatch*TP1KernelLocalHeads*HeadDim*(LongLayers*(DC_RawPairs+DC_LongPairs)))+(2*DC_Rows*ShortLayers*(QLoraRank*TP1LocalIndexHeads*IndexHeadDim+HiddenSize*TP1LocalIndexHeads))+(2*DecodeBatch*ShortLayers*TP1LocalIndexHeads*IndexHeadDim*DC_IndexPairs)+(DC_Rows*ShortLayers*8*HiddenSize*HeadDim)+(DC_Rows*LongLayers*4*HiddenSize*HeadDim)+(DC_Rows*ShortLayers*8*HiddenSize*IndexHeadDim)+(2*DC_Rows*TotalLayers*HiddenSize*RoutedExperts)+(DC_Rows*TotalLayers*(ActivatedExperts/TP1Size)*6*HiddenSize*ExpertInter)+(DC_Rows*TotalLayers*SharedExperts*6*HiddenSize*ExpertInter)+(TotalLayers*2*(2*DC_Rows*HCSlots*HiddenSize*((2+HCSlots)*HCSlots)+DC_Rows*(2*HCSlots*HiddenSize+1)+DC_Rows*HiddenSize*(2*HCSlots-1)+DC_Rows*HCSlots*HiddenSize*(2*HCSlots+1))+2*DC_Rows*HCSlots*HiddenSize*HCSlots+DC_Rows*(2*HCSlots*HiddenSize+1)+DC_Rows*HiddenSize*(2*HCSlots-1))+(DC_Rows*TotalLayers*2*(4*HiddenSize+1)+DC_Rows*(4*HiddenSize+1))+(0)+(2*DC_Rows*HiddenSize*TP1LocalVocab)+(0)+(0) -> 140355752110 | AG13: =((DC_Rows*HiddenSize*BF16Bytes)+(DC_Rows*HiddenSize*BF16Bytes))+((TotalLayers*(((HiddenSize)*(QLoraRank)*FP8Bytes+ROUNDUP((HiddenSize)/FP8Block,0)*ROUNDUP((QLoraRank)/FP8Block,0)*ScaleBytes)+((QLoraRank)*(TP1LocalHeads*HeadDim)*FP8Bytes+ROUNDUP((QLoraRank)/FP8Block,0)*ROUNDUP((TP1LocalHeads*HeadDim)/FP8Block,0)*ScaleBytes)+((HiddenSize)*(HeadDim)*FP8Bytes+ROUNDUP((HiddenSize)/FP8Block,0)*ROUNDUP((HeadDim)/FP8Block,0)*ScaleBytes)+TP1LocalHeads*HeadDim*OLoraRank*BF16Bytes+((TP1LocalOGroups*OLoraRank)*(HiddenSize)*FP8Bytes+ROUNDUP((TP1LocalOGroups*OLoraRank)/FP8Block,0)*ROUNDUP((HiddenSize)/FP8Block,0)*ScaleBytes))+DC_Rows*TotalLayers*(2*HiddenSize*BF16Bytes+QLoraRank*BF16Bytes+TP1KernelLocalHeads*HeadDim*BF16Bytes+TP1LocalOGroups*OLoraRank*BF16Bytes))+(DC_Rows*TotalLayers*(QLoraRank+TP1KernelLocalHeads*HeadDim+HeadDim+TP1LocalOGroups*OLoraRank+HiddenSize)*BF16Bytes))+((DC_Rows*WindowLayers*TP1KernelLocalHeads*HeadDim*BF16Bytes+DecodeBatch*(WindowLayers*DC_RawPairs)*HeadDim*BF16Bytes)+(DC_Rows*WindowLayers*TP1KernelLocalHeads*HeadDim*BF16Bytes))+((DC_Rows*ShortLayers*TP1KernelLocalHeads*HeadDim*BF16Bytes+DecodeBatch*(ShortLayers*(DC_RawPairs+DC_ShortPairs))*HeadDim*BF16Bytes)+(DC_Rows*ShortLayers*TP1KernelLocalHeads*HeadDim*BF16Bytes))+((DC_Rows*LongLayers*TP1KernelLocalHeads*HeadDim*BF16Bytes+DecodeBatch*(LongLayers*(DC_RawPairs+DC_LongPairs))*HeadDim*BF16Bytes)+(DC_Rows*LongLayers*TP1KernelLocalHeads*HeadDim*BF16Bytes))+((ShortLayers*(((QLoraRank)*(TP1LocalIndexHeads*IndexHeadDim)*FP8Bytes+ROUNDUP((QLoraRank)/FP8Block,0)*ROUNDUP((TP1LocalIndexHeads*IndexHeadDim)/FP8Block,0)*ScaleBytes)+HiddenSize*TP1LocalIndexHeads*BF16Bytes)+DC_Rows*ShortLayers*(QLoraRank+HiddenSize)*BF16Bytes)+(DC_Rows*ShortLayers*TP1LocalIndexHeads*(IndexHeadDim+1)*BF16Bytes))+((DecodeBatch*ShortLayers*DC_IndexPairs*(IndexHeadDim*BF16Bytes+TP1LocalIndexHeads*BF16Bytes))+(DecodeBatch*ShortLayers*DC_IndexPairs*(TP1LocalIndexHeads*BF16Bytes+FP32Bytes)))+((ShortLayers*(2*HiddenSize*(2*HeadDim)*FP32Bytes+ShortRatio*2*HeadDim*FP32Bytes+HeadDim*FP32Bytes)+DC_Rows*ShortLayers*HiddenSize*FP32Bytes)+(DC_Rows*ShortLayers*4*HeadDim*FP32Bytes))+((LongLayers*(2*HiddenSize*HeadDim*FP32Bytes+LongRatio*HeadDim*FP32Bytes+HeadDim*FP32Bytes)+DC_Rows*LongLayers*HiddenSize*FP32Bytes)+(DC_Rows*LongLayers*2*HeadDim*FP32Bytes))+((ShortLayers*(2*HiddenSize*(2*IndexHeadDim)*FP32Bytes+ShortRatio*2*IndexHeadDim*FP32Bytes+IndexHeadDim*FP32Bytes)+DC_Rows*ShortLayers*HiddenSize*FP32Bytes)+(DC_Rows*ShortLayers*4*IndexHeadDim*FP32Bytes))+((TotalLayers*RoutedExperts*HiddenSize*BF16Bytes+(TotalLayers-ActiveHashLayers)*RoutedExperts*FP32Bytes+DC_Rows*TotalLayers*HiddenSize*BF16Bytes+DC_Rows*ActiveHashLayers*ActivatedExperts*INT32Bytes)+(DC_Rows*TotalLayers*RoutedExperts*FP32Bytes))+((TotalLayers*TP1LocalExperts*DC_ExpertActiveProbability*(3*HiddenSize*ExpertInter*FP4Bytes+3*HiddenSize*ExpertInter/FP4Block*ScaleBytes)+DC_Rows*TotalLayers*(ActivatedExperts/TP1Size)*HiddenSize*BF16Bytes)+(DC_Rows*TotalLayers*(ActivatedExperts/TP1Size)*HiddenSize*BF16Bytes))+((TotalLayers*SharedExperts*(2*((HiddenSize)*(ExpertInter)*FP8Bytes+ROUNDUP((HiddenSize)/FP8Block,0)*ROUNDUP((ExpertInter)/FP8Block,0)*ScaleBytes)+((ExpertInter)*(HiddenSize)*FP8Bytes+ROUNDUP((ExpertInter)/FP8Block,0)*ROUNDUP((HiddenSize)/FP8Block,0)*ScaleBytes))+DC_Rows*TotalLayers*SharedExperts*HiddenSize*BF16Bytes)+(DC_Rows*TotalLayers*SharedExperts*HiddenSize*BF16Bytes))+((TotalLayers*2*((2+HCSlots)*HCSlots*HCSlots*HiddenSize*FP32Bytes+((2+HCSlots)*HCSlots+3)*FP32Bytes)+DC_Rows*TotalLayers*4*HCSlots*HiddenSize*BF16Bytes+(HCSlots*HCSlots*HiddenSize+HCSlots+1)*FP32Bytes+DC_Rows*HCSlots*HiddenSize*BF16Bytes)+(DC_Rows*TotalLayers*4*HCSlots*HiddenSize*BF16Bytes+DC_Rows*HiddenSize*BF16Bytes))+((TotalLayers*(2*HiddenSize+QLoraRank+HeadDim+TP1LocalHeads)*FP32Bytes+HiddenSize*FP32Bytes+DC_Rows*TotalLayers*2*HiddenSize*BF16Bytes+DC_Rows*HiddenSize*BF16Bytes)+(DC_Rows*TotalLayers*2*HiddenSize*BF16Bytes+DC_Rows*HiddenSize*BF16Bytes))+((0)+(0))+((TP1LocalVocab*HiddenSize*FP32Bytes+DC_Rows*HiddenSize*FP32Bytes)+(DC_Rows*TP1LocalVocab*FP32Bytes))+((0)+(0))+((0)+(0)) -> 17387912356 | AH13: =((TP8LocalVocab*HiddenSize*BF16Bytes)+(TotalLayers*(((HiddenSize)*(QLoraRank)*FP8Bytes+ROUNDUP((HiddenSize)/FP8Block,0)*ROUNDUP((QLoraRank)/FP8Block,0)*ScaleBytes)+((QLoraRank)*(TP8LocalHeads*HeadDim)*FP8Bytes+ROUNDUP((QLoraRank)/FP8Block,0)*ROUNDUP((TP8LocalHeads*HeadDim)/FP8Block,0)*ScaleBytes)+((HiddenSize)*(HeadDim)*FP8Bytes+ROUNDUP((HiddenSize)/FP8Block,0)*ROUNDUP((HeadDim)/FP8Block,0)*ScaleBytes)+TP8LocalHeads*HeadDim*OLoraRank*BF16Bytes+((TP8LocalOGroups*OLoraRank)*(HiddenSize)*FP8Bytes+ROUNDUP((TP8LocalOGroups*OLoraRank)/FP8Block,0)*ROUNDUP((HiddenSize)/FP8Block,0)*ScaleBytes)))+(0)+(0)+(0)+(ShortLayers*(((QLoraRank)*(TP8LocalIndexHeads*IndexHeadDim)*FP8Bytes+ROUNDUP((QLoraRank)/FP8Block,0)*ROUNDUP((TP8LocalIndexHeads*IndexHeadDim)/FP8Block,0)*ScaleBytes)+HiddenSize*TP8LocalIndexHeads*BF16Bytes))+(0)+(ShortLayers*(2*HiddenSize*(2*HeadDim)*FP32Bytes+ShortRatio*2*HeadDim*FP32Bytes+HeadDim*FP32Bytes))+(LongLayers*(2*HiddenSize*HeadDim*FP32Bytes+LongRatio*HeadDim*FP32Bytes+HeadDim*FP32Bytes))+(ShortLayers*(2*HiddenSize*(2*IndexHeadDim)*FP32Bytes+ShortRatio*2*IndexHeadDim*FP32Bytes+IndexHeadDim*FP32Bytes))+(TotalLayers*RoutedExperts*HiddenSize*BF16Bytes+(TotalLayers-ActiveHashLayers)*RoutedExperts*FP32Bytes+ActiveHashLayers*VocabSize*ActivatedExperts*INT32Bytes)+(TotalLayers*TP8LocalExperts*(3*HiddenSize*ExpertInter*FP4Bytes+3*HiddenSize*ExpertInter/FP4Block*ScaleBytes))+(TotalLayers*SharedExperts*(2*((HiddenSize)*(ExpertInter)*FP8Bytes+ROUNDUP((HiddenSize)/FP8Block,0)*ROUNDUP((ExpertInter)/FP8Block,0)*ScaleBytes)+((ExpertInter)*(HiddenSize)*FP8Bytes+ROUNDUP((ExpertInter)/FP8Block,0)*ROUNDUP((HiddenSize)/FP8Block,0)*ScaleBytes)))+((TotalLayers*2*(((2+HCSlots)*HCSlots)*HCSlots*HiddenSize+((2+HCSlots)*HCSlots)+3))*FP32Bytes+(HCSlots*HCSlots*HiddenSize+HCSlots+1)*FP32Bytes)+((TotalLayers*(2*HiddenSize+QLoraRank+HeadDim+TP8LocalHeads))*FP32Bytes+(HiddenSize)*FP32Bytes)+(0)+(TP8LocalVocab*HiddenSize*FP32Bytes)+(0)+(0))+(DecodeBatch*(HeadDim*BF16Bytes*(WindowLayers*WindowSize+ShortLayers*(WindowSize+INT(MaxContext/ShortRatio))+LongLayers*(WindowSize+INT(MaxContext/LongRatio)))+ShortLayers*INT(MaxContext/ShortRatio)*IndexHeadDim*BF16Bytes)+DecodeBatch*FP32Bytes*(ShortLayers*2*(2*ShortRatio)*(2*HeadDim)+LongLayers*2*LongRatio*HeadDim+ShortLayers*2*(2*ShortRatio)*(2*IndexHeadDim))) -> 29581867388 | AI13: =(0)+(DC_Rows*TotalLayers*2*(HiddenSize*QLoraRank+QLoraRank*TP8LocalHeads*HeadDim+HiddenSize*HeadDim+TP8LocalHeads*HeadDim*OLoraRank+TP8LocalOGroups*OLoraRank*HiddenSize))+(4*DecodeBatch*TP8KernelLocalHeads*HeadDim*(WindowLayers*DC_RawPairs))+(4*DecodeBatch*TP8KernelLocalHeads*HeadDim*(ShortLayers*(DC_RawPairs+DC_ShortPairs)))+(4*DecodeBatch*TP8KernelLocalHeads*HeadDim*(LongLayers*(DC_RawPairs+DC_LongPairs)))+(2*DC_Rows*ShortLayers*(QLoraRank*TP8LocalIndexHeads*IndexHeadDim+HiddenSize*TP8LocalIndexHeads))+(2*DecodeBatch*ShortLayers*TP8LocalIndexHeads*IndexHeadDim*DC_IndexPairs)+(DC_Rows*ShortLayers*8*HiddenSize*HeadDim)+(DC_Rows*LongLayers*4*HiddenSize*HeadDim)+(DC_Rows*ShortLayers*8*HiddenSize*IndexHeadDim)+(2*DC_Rows*TotalLayers*HiddenSize*RoutedExperts)+(DC_Rows*TotalLayers*(ActivatedExperts/TP8Size)*6*HiddenSize*ExpertInter)+(DC_Rows*TotalLayers*SharedExperts*6*HiddenSize*ExpertInter)+(TotalLayers*2*(2*DC_Rows*HCSlots*HiddenSize*((2+HCSlots)*HCSlots)+DC_Rows*(2*HCSlots*HiddenSize+1)+DC_Rows*HiddenSize*(2*HCSlots-1)+DC_Rows*HCSlots*HiddenSize*(2*HCSlots+1))+2*DC_Rows*HCSlots*HiddenSize*HCSlots+DC_Rows*(2*HCSlots*HiddenSize+1)+DC_Rows*HiddenSize*(2*HCSlots-1))+(DC_Rows*TotalLayers*2*(4*HiddenSize+1)+DC_Rows*(4*HiddenSize+1))+(0)+(2*DC_Rows*HiddenSize*TP8LocalVocab)+(0)+(0) -> 23549694126 | AJ13: =((DC_Rows*HiddenSize*BF16Bytes)+(DC_Rows*HiddenSize*BF16Bytes))+((TotalLayers*(((HiddenSize)*(QLoraRank)*FP8Bytes+ROUNDUP((HiddenSize)/FP8Block,0)*ROUNDUP((QLoraRank)/FP8Block,0)*ScaleBytes)+((QLoraRank)*(TP8LocalHeads*HeadDim)*FP8Bytes+ROUNDUP((QLoraRank)/FP8Block,0)*ROUNDUP((TP8LocalHeads*HeadDim)/FP8Block,0)*ScaleBytes)+((HiddenSize)*(HeadDim)*FP8Bytes+ROUNDUP((HiddenSize)/FP8Block,0)*ROUNDUP((HeadDim)/FP8Block,0)*ScaleBytes)+TP8LocalHeads*HeadDim*OLoraRank*BF16Bytes+((TP8LocalOGroups*OLoraRank)*(HiddenSize)*FP8Bytes+ROUNDUP((TP8LocalOGroups*OLoraRank)/FP8Block,0)*ROUNDUP((HiddenSize)/FP8Block,0)*ScaleBytes))+DC_Rows*TotalLayers*(2*HiddenSize*BF16Bytes+QLoraRank*BF16Bytes+TP8KernelLocalHeads*HeadDim*BF16Bytes+TP8LocalOGroups*OLoraRank*BF16Bytes))+(DC_Rows*TotalLayers*(QLoraRank+TP8KernelLocalHeads*HeadDim+HeadDim+TP8LocalOGroups*OLoraRank+HiddenSize)*BF16Bytes))+((DC_Rows*WindowLayers*TP8KernelLocalHeads*HeadDim*BF16Bytes+DecodeBatch*(WindowLayers*DC_RawPairs)*HeadDim*BF16Bytes)+(DC_Rows*WindowLayers*TP8KernelLocalHeads*HeadDim*BF16Bytes))+((DC_Rows*ShortLayers*TP8KernelLocalHeads*HeadDim*BF16Bytes+DecodeBatch*(ShortLayers*(DC_RawPairs+DC_ShortPairs))*HeadDim*BF16Bytes)+(DC_Rows*ShortLayers*TP8KernelLocalHeads*HeadDim*BF16Bytes))+((DC_Rows*LongLayers*TP8KernelLocalHeads*HeadDim*BF16Bytes+DecodeBatch*(LongLayers*(DC_RawPairs+DC_LongPairs))*HeadDim*BF16Bytes)+(DC_Rows*LongLayers*TP8KernelLocalHeads*HeadDim*BF16Bytes))+((ShortLayers*(((QLoraRank)*(TP8LocalIndexHeads*IndexHeadDim)*FP8Bytes+ROUNDUP((QLoraRank)/FP8Block,0)*ROUNDUP((TP8LocalIndexHeads*IndexHeadDim)/FP8Block,0)*ScaleBytes)+HiddenSize*TP8LocalIndexHeads*BF16Bytes)+DC_Rows*ShortLayers*(QLoraRank+HiddenSize)*BF16Bytes)+(DC_Rows*ShortLayers*TP8LocalIndexHeads*(IndexHeadDim+1)*BF16Bytes))+((DecodeBatch*ShortLayers*DC_IndexPairs*(IndexHeadDim*BF16Bytes+TP8LocalIndexHeads*BF16Bytes))+(DecodeBatch*ShortLayers*DC_IndexPairs*(TP8LocalIndexHeads*BF16Bytes+FP32Bytes)))+((ShortLayers*(2*HiddenSize*(2*HeadDim)*FP32Bytes+ShortRatio*2*HeadDim*FP32Bytes+HeadDim*FP32Bytes)+DC_Rows*ShortLayers*HiddenSize*FP32Bytes)+(DC_Rows*ShortLayers*4*HeadDim*FP32Bytes))+((LongLayers*(2*HiddenSize*HeadDim*FP32Bytes+LongRatio*HeadDim*FP32Bytes+HeadDim*FP32Bytes)+DC_Rows*LongLayers*HiddenSize*FP32Bytes)+(DC_Rows*LongLayers*2*HeadDim*FP32Bytes))+((ShortLayers*(2*HiddenSize*(2*IndexHeadDim)*FP32Bytes+ShortRatio*2*IndexHeadDim*FP32Bytes+IndexHeadDim*FP32Bytes)+DC_Rows*ShortLayers*HiddenSize*FP32Bytes)+(DC_Rows*ShortLayers*4*IndexHeadDim*FP32Bytes))+((TotalLayers*RoutedExperts*HiddenSize*BF16Bytes+(TotalLayers-ActiveHashLayers)*RoutedExperts*FP32Bytes+DC_Rows*TotalLayers*HiddenSize*BF16Bytes+DC_Rows*ActiveHashLayers*ActivatedExperts*INT32Bytes)+(DC_Rows*TotalLayers*RoutedExperts*FP32Bytes))+((TotalLayers*TP8LocalExperts*DC_ExpertActiveProbability*(3*HiddenSize*ExpertInter*FP4Bytes+3*HiddenSize*ExpertInter/FP4Block*ScaleBytes)+DC_Rows*TotalLayers*(ActivatedExperts/TP8Size)*HiddenSize*BF16Bytes)+(DC_Rows*TotalLayers*(ActivatedExperts/TP8Size)*HiddenSize*BF16Bytes))+((TotalLayers*SharedExperts*(2*((HiddenSize)*(ExpertInter)*FP8Bytes+ROUNDUP((HiddenSize)/FP8Block,0)*ROUNDUP((ExpertInter)/FP8Block,0)*ScaleBytes)+((ExpertInter)*(HiddenSize)*FP8Bytes+ROUNDUP((ExpertInter)/FP8Block,0)*ROUNDUP((HiddenSize)/FP8Block,0)*ScaleBytes))+DC_Rows*TotalLayers*SharedExperts*HiddenSize*BF16Bytes)+(DC_Rows*TotalLayers*SharedExperts*HiddenSize*BF16Bytes))+((TotalLayers*2*((2+HCSlots)*HCSlots*HCSlots*HiddenSize*FP32Bytes+((2+HCSlots)*HCSlots+3)*FP32Bytes)+DC_Rows*TotalLayers*4*HCSlots*HiddenSize*BF16Bytes+(HCSlots*HCSlots*HiddenSize+HCSlots+1)*FP32Bytes+DC_Rows*HCSlots*HiddenSize*BF16Bytes)+(DC_Rows*TotalLayers*4*HCSlots*HiddenSize*BF16Bytes+DC_Rows*HiddenSize*BF16Bytes))+((TotalLayers*(2*HiddenSize+QLoraRank+HeadDim+TP8LocalHeads)*FP32Bytes+HiddenSize*FP32Bytes+DC_Rows*TotalLayers*2*HiddenSize*BF16Bytes+DC_Rows*HiddenSize*BF16Bytes)+(DC_Rows*TotalLayers*2*HiddenSize*BF16Bytes+DC_Rows*HiddenSize*BF16Bytes))+((0)+(0))+((TP8LocalVocab*HiddenSize*FP32Bytes+DC_Rows*HiddenSize*FP32Bytes)+(DC_Rows*TP8LocalVocab*FP32Bytes))+((0)+(0))+((0)+(0)) -> 6055268244 | AK13: =(4*(TP1Size-1)/TP1Size*DC_Rows*HiddenSize*BF16Bytes)+(0)+(0)+(0)+(0)+(0)+(0)+(0)+(0)+(0)+(0)+(0)+(0)+(0)+(0)+(0)+(2*(TP1Size-1)*DC_Rows*TP1LocalVocab*FP32Bytes)+(4*(TP1Size-1)/TP1Size*DC_Rows*HiddenSize*FP32Bytes*TotalLayers)+(4*(TP1Size-1)/TP1Size*DC_Rows*HiddenSize*FP32Bytes*TotalLayers) -> 0 | AL13: =(4*(TP8Size-1)/TP8Size*DC_Rows*HiddenSize*BF16Bytes)+(0)+(0)+(0)+(0)+(0)+(0)+(0)+(0)+(0)+(0)+(0)+(0)+(0)+(0)+(0)+(2*(TP8Size-1)*DC_Rows*TP8LocalVocab*FP32Bytes)+(4*(TP8Size-1)/TP8Size*DC_Rows*HiddenSize*FP32Bytes*TotalLayers)+(4*(TP8Size-1)/TP8Size*DC_Rows*HiddenSize*FP32Bytes*TotalLayers) -> 5865216
A14: Attention | B14: =TEXT(IF(ABS(AE14)>=1E12,AE14/1E12,IF(ABS(AE14)>=1E9,AE14/1E9,IF(ABS(AE14)>=1E6,AE14/1E6,IF(ABS(AE14)>=1E3,AE14/1E3,AE14)))),"#,##0.000")&IF((IF(ABS(AE14)>=1E12,"TB",IF(ABS(AE14)>=1E9,"GB",IF(ABS(AE14)>=1E6,"MB",IF(ABS(AE14)>=1E3,"KB","bytes")))))="",""," "&(IF(ABS(AE14)>=1E12,"TB",IF(ABS(AE14)>=1E9,"GB",IF(ABS(AE14)>=1E6,"MB",IF(ABS(AE14)>=1E3,"KB","bytes")))))) -> 7.451 GB | C14: =TEXT(IF(ABS(AF14)>=1E15,AF14/1E15,IF(ABS(AF14)>=1E12,AF14/1E12,IF(ABS(AF14)>=1E9,AF14/1E9,IF(ABS(AF14)>=1E6,AF14/1E6,AF14)))),"#,##0.000")&IF((IF(ABS(AF14)>=1E15,"PFLOPs",IF(ABS(AF14)>=1E12,"TFLOPs",IF(ABS(AF14)>=1E9,"GFLOPs",IF(ABS(AF14)>=1E6,"MFLOPs","flops")))))="",""," "&(IF(ABS(AF14)>=1E15,"PFLOPs",IF(ABS(AF14)>=1E12,"TFLOPs",IF(ABS(AF14)>=1E9,"GFLOPs",IF(ABS(AF14)>=1E6,"MFLOPs","flops")))))) -> 123.969 GFLOPs | D14: =TEXT(IF(ABS(AK14)>=1E12,AK14/1E12,IF(ABS(AK14)>=1E9,AK14/1E9,IF(ABS(AK14)>=1E6,AK14/1E6,IF(ABS(AK14)>=1E3,AK14/1E3,AK14)))),"#,##0.000")&IF((IF(ABS(AK14)>=1E12,"TB",IF(ABS(AK14)>=1E9,"GB",IF(ABS(AK14)>=1E6,"MB",IF(ABS(AK14)>=1E3,"KB","bytes")))))="",""," "&(IF(ABS(AK14)>=1E12,"TB",IF(ABS(AK14)>=1E9,"GB",IF(ABS(AK14)>=1E6,"MB",IF(ABS(AK14)>=1E3,"KB","bytes")))))) -> 0.000 B | E14: =TEXT(IF(ABS(AH14)>=1E12,AH14/1E12,IF(ABS(AH14)>=1E9,AH14/1E9,IF(ABS(AH14)>=1E6,AH14/1E6,IF(ABS(AH14)>=1E3,AH14/1E3,AH14)))),"#,##0.000")&IF((IF(ABS(AH14)>=1E12,"TB",IF(ABS(AH14)>=1E9,"GB",IF(ABS(AH14)>=1E6,"MB",IF(ABS(AH14)>=1E3,"KB","bytes")))))="",""," "&(IF(ABS(AH14)>=1E12,"TB",IF(ABS(AH14)>=1E9,"GB",IF(ABS(AH14)>=1E6,"MB",IF(ABS(AH14)>=1E3,"KB","bytes")))))) -> 2.238 GB | F14: =TEXT(IF(ABS(AI14)>=1E15,AI14/1E15,IF(ABS(AI14)>=1E12,AI14/1E12,IF(ABS(AI14)>=1E9,AI14/1E9,IF(ABS(AI14)>=1E6,AI14/1E6,AI14)))),"#,##0.000")&IF((IF(ABS(AI14)>=1E15,"PFLOPs",IF(ABS(AI14)>=1E12,"TFLOPs",IF(ABS(AI14)>=1E9,"GFLOPs",IF(ABS(AI14)>=1E6,"MFLOPs","flops")))))="",""," "&(IF(ABS(AI14)>=1E15,"PFLOPs",IF(ABS(AI14)>=1E12,"TFLOPs",IF(ABS(AI14)>=1E9,"GFLOPs",IF(ABS(AI14)>=1E6,"MFLOPs","flops")))))) -> 19.452 GFLOPs | G14: =TEXT(IF(ABS(AL14)>=1E12,AL14/1E12,IF(ABS(AL14)>=1E9,AL14/1E9,IF(ABS(AL14)>=1E6,AL14/1E6,IF(ABS(AL14)>=1E3,AL14/1E3,AL14)))),"#,##0.000")&IF((IF(ABS(AL14)>=1E12,"TB",IF(ABS(AL14)>=1E9,"GB",IF(ABS(AL14)>=1E6,"MB",IF(ABS(AL14)>=1E3,"KB","bytes")))))="",""," "&(IF(ABS(AL14)>=1E12,"TB",IF(ABS(AL14)>=1E9,"GB",IF(ABS(AL14)>=1E6,"MB",IF(ABS(AL14)>=1E3,"KB","bytes")))))) -> 2.466 MB | H14: FP8 / BF16 / FP32 | I14: BF16 / FP32 | J14: Window + short/long + Indexer；分类容量为 Attention 静态参数；缓存明细在下表。 | AE14: =(TotalLayers*(((HiddenSize)*(QLoraRank)*FP8Bytes+ROUNDUP((HiddenSize)/FP8Block,0)*ROUNDUP((QLoraRank)/FP8Block,0)*ScaleBytes)+((QLoraRank)*(TP1LocalHeads*HeadDim)*FP8Bytes+ROUNDUP((QLoraRank)/FP8Block,0)*ROUNDUP((TP1LocalHeads*HeadDim)/FP8Block,0)*ScaleBytes)+((HiddenSize)*(HeadDim)*FP8Bytes+ROUNDUP((HiddenSize)/FP8Block,0)*ROUNDUP((HeadDim)/FP8Block,0)*ScaleBytes)+TP1LocalHeads*HeadDim*OLoraRank*BF16Bytes+((TP1LocalOGroups*OLoraRank)*(HiddenSize)*FP8Bytes+ROUNDUP((TP1LocalOGroups*OLoraRank)/FP8Block,0)*ROUNDUP((HiddenSize)/FP8Block,0)*ScaleBytes)))+(0)+(0)+(0)+(ShortLayers*(((QLoraRank)*(TP1LocalIndexHeads*IndexHeadDim)*FP8Bytes+ROUNDUP((QLoraRank)/FP8Block,0)*ROUNDUP((TP1LocalIndexHeads*IndexHeadDim)/FP8Block,0)*ScaleBytes)+HiddenSize*TP1LocalIndexHeads*BF16Bytes))+(0)+(ShortLayers*(2*HiddenSize*(2*HeadDim)*FP32Bytes+ShortRatio*2*HeadDim*FP32Bytes+HeadDim*FP32Bytes))+(LongLayers*(2*HiddenSize*HeadDim*FP32Bytes+LongRatio*HeadDim*FP32Bytes+HeadDim*FP32Bytes))+(ShortLayers*(2*HiddenSize*(2*IndexHeadDim)*FP32Bytes+ShortRatio*2*IndexHeadDim*FP32Bytes+IndexHeadDim*FP32Bytes))+(0) -> 7451384960 | AF14: =(DC_Rows*TotalLayers*2*(HiddenSize*QLoraRank+QLoraRank*TP1LocalHeads*HeadDim+HiddenSize*HeadDim+TP1LocalHeads*HeadDim*OLoraRank+TP1LocalOGroups*OLoraRank*HiddenSize))+(4*DecodeBatch*TP1KernelLocalHeads*HeadDim*(WindowLayers*DC_RawPairs))+(4*DecodeBatch*TP1KernelLocalHeads*HeadDim*(ShortLayers*(DC_RawPairs+DC_ShortPairs)))+(4*DecodeBatch*TP1KernelLocalHeads*HeadDim*(LongLayers*(DC_RawPairs+DC_LongPairs)))+(2*DC_Rows*ShortLayers*(QLoraRank*TP1LocalIndexHeads*IndexHeadDim+HiddenSize*TP1LocalIndexHeads))+(2*DecodeBatch*ShortLayers*TP1LocalIndexHeads*IndexHeadDim*DC_IndexPairs)+(DC_Rows*ShortLayers*8*HiddenSize*HeadDim)+(DC_Rows*LongLayers*4*HiddenSize*HeadDim)+(DC_Rows*ShortLayers*8*HiddenSize*IndexHeadDim)+(0) -> 123969470464 | AG14: =((TotalLayers*(((HiddenSize)*(QLoraRank)*FP8Bytes+ROUNDUP((HiddenSize)/FP8Block,0)*ROUNDUP((QLoraRank)/FP8Block,0)*ScaleBytes)+((QLoraRank)*(TP1LocalHeads*HeadDim)*FP8Bytes+ROUNDUP((QLoraRank)/FP8Block,0)*ROUNDUP((TP1LocalHeads*HeadDim)/FP8Block,0)*ScaleBytes)+((HiddenSize)*(HeadDim)*FP8Bytes+ROUNDUP((HiddenSize)/FP8Block,0)*ROUNDUP((HeadDim)/FP8Block,0)*ScaleBytes)+TP1LocalHeads*HeadDim*OLoraRank*BF16Bytes+((TP1LocalOGroups*OLoraRank)*(HiddenSize)*FP8Bytes+ROUNDUP((TP1LocalOGroups*OLoraRank)/FP8Block,0)*ROUNDUP((HiddenSize)/FP8Block,0)*ScaleBytes))+DC_Rows*TotalLayers*(2*HiddenSize*BF16Bytes+QLoraRank*BF16Bytes+TP1KernelLocalHeads*HeadDim*BF16Bytes+TP1LocalOGroups*OLoraRank*BF16Bytes))+(DC_Rows*TotalLayers*(QLoraRank+TP1KernelLocalHeads*HeadDim+HeadDim+TP1LocalOGroups*OLoraRank+HiddenSize)*BF16Bytes))+((DC_Rows*WindowLayers*TP1KernelLocalHeads*HeadDim*BF16Bytes+DecodeBatch*(WindowLayers*DC_RawPairs)*HeadDim*BF16Bytes)+(DC_Rows*WindowLayers*TP1KernelLocalHeads*HeadDim*BF16Bytes))+((DC_Rows*ShortLayers*TP1KernelLocalHeads*HeadDim*BF16Bytes+DecodeBatch*(ShortLayers*(DC_RawPairs+DC_ShortPairs))*HeadDim*BF16Bytes)+(DC_Rows*ShortLayers*TP1KernelLocalHeads*HeadDim*BF16Bytes))+((DC_Rows*LongLayers*TP1KernelLocalHeads*HeadDim*BF16Bytes+DecodeBatch*(LongLayers*(DC_RawPairs+DC_LongPairs))*HeadDim*BF16Bytes)+(DC_Rows*LongLayers*TP1KernelLocalHeads*HeadDim*BF16Bytes))+((ShortLayers*(((QLoraRank)*(TP1LocalIndexHeads*IndexHeadDim)*FP8Bytes+ROUNDUP((QLoraRank)/FP8Block,0)*ROUNDUP((TP1LocalIndexHeads*IndexHeadDim)/FP8Block,0)*ScaleBytes)+HiddenSize*TP1LocalIndexHeads*BF16Bytes)+DC_Rows*ShortLayers*(QLoraRank+HiddenSize)*BF16Bytes)+(DC_Rows*ShortLayers*TP1LocalIndexHeads*(IndexHeadDim+1)*BF16Bytes))+((DecodeBatch*ShortLayers*DC_IndexPairs*(IndexHeadDim*BF16Bytes+TP1LocalIndexHeads*BF16Bytes))+(DecodeBatch*ShortLayers*DC_IndexPairs*(TP1LocalIndexHeads*BF16Bytes+FP32Bytes)))+((ShortLayers*(2*HiddenSize*(2*HeadDim)*FP32Bytes+ShortRatio*2*HeadDim*FP32Bytes+HeadDim*FP32Bytes)+DC_Rows*ShortLayers*HiddenSize*FP32Bytes)+(DC_Rows*ShortLayers*4*HeadDim*FP32Bytes))+((LongLayers*(2*HiddenSize*HeadDim*FP32Bytes+LongRatio*HeadDim*FP32Bytes+HeadDim*FP32Bytes)+DC_Rows*LongLayers*HiddenSize*FP32Bytes)+(DC_Rows*LongLayers*2*HeadDim*FP32Bytes))+((ShortLayers*(2*HiddenSize*(2*IndexHeadDim)*FP32Bytes+ShortRatio*2*IndexHeadDim*FP32Bytes+IndexHeadDim*FP32Bytes)+DC_Rows*ShortLayers*HiddenSize*FP32Bytes)+(DC_Rows*ShortLayers*4*IndexHeadDim*FP32Bytes))+((0)+(0)) -> 10492228352 | AH14: =(TotalLayers*(((HiddenSize)*(QLoraRank)*FP8Bytes+ROUNDUP((HiddenSize)/FP8Block,0)*ROUNDUP((QLoraRank)/FP8Block,0)*ScaleBytes)+((QLoraRank)*(TP8LocalHeads*HeadDim)*FP8Bytes+ROUNDUP((QLoraRank)/FP8Block,0)*ROUNDUP((TP8LocalHeads*HeadDim)/FP8Block,0)*ScaleBytes)+((HiddenSize)*(HeadDim)*FP8Bytes+ROUNDUP((HiddenSize)/FP8Block,0)*ROUNDUP((HeadDim)/FP8Block,0)*ScaleBytes)+TP8LocalHeads*HeadDim*OLoraRank*BF16Bytes+((TP8LocalOGroups*OLoraRank)*(HiddenSize)*FP8Bytes+ROUNDUP((TP8LocalOGroups*OLoraRank)/FP8Block,0)*ROUNDUP((HiddenSize)/FP8Block,0)*ScaleBytes)))+(0)+(0)+(0)+(ShortLayers*(((QLoraRank)*(TP8LocalIndexHeads*IndexHeadDim)*FP8Bytes+ROUNDUP((QLoraRank)/FP8Block,0)*ROUNDUP((TP8LocalIndexHeads*IndexHeadDim)/FP8Block,0)*ScaleBytes)+HiddenSize*TP8LocalIndexHeads*BF16Bytes))+(0)+(ShortLayers*(2*HiddenSize*(2*HeadDim)*FP32Bytes+ShortRatio*2*HeadDim*FP32Bytes+HeadDim*FP32Bytes))+(LongLayers*(2*HiddenSize*HeadDim*FP32Bytes+LongRatio*HeadDim*FP32Bytes+HeadDim*FP32Bytes))+(ShortLayers*(2*HiddenSize*(2*IndexHeadDim)*FP32Bytes+ShortRatio*2*IndexHeadDim*FP32Bytes+IndexHeadDim*FP32Bytes))+(0) -> 2237504960 | AI14: =(DC_Rows*TotalLayers*2*(HiddenSize*QLoraRank+QLoraRank*TP8LocalHeads*HeadDim+HiddenSize*HeadDim+TP8LocalHeads*HeadDim*OLoraRank+TP8LocalOGroups*OLoraRank*HiddenSize))+(4*DecodeBatch*TP8KernelLocalHeads*HeadDim*(WindowLayers*DC_RawPairs))+(4*DecodeBatch*TP8KernelLocalHeads*HeadDim*(ShortLayers*(DC_RawPairs+DC_ShortPairs)))+(4*DecodeBatch*TP8KernelLocalHeads*HeadDim*(LongLayers*(DC_RawPairs+DC_LongPairs)))+(2*DC_Rows*ShortLayers*(QLoraRank*TP8LocalIndexHeads*IndexHeadDim+HiddenSize*TP8LocalIndexHeads))+(2*DecodeBatch*ShortLayers*TP8LocalIndexHeads*IndexHeadDim*DC_IndexPairs)+(DC_Rows*ShortLayers*8*HiddenSize*HeadDim)+(DC_Rows*LongLayers*4*HiddenSize*HeadDim)+(DC_Rows*ShortLayers*8*HiddenSize*IndexHeadDim)+(0) -> 19452461056 | AJ14: =((TotalLayers*(((HiddenSize)*(QLoraRank)*FP8Bytes+ROUNDUP((HiddenSize)/FP8Block,0)*ROUNDUP((QLoraRank)/FP8Block,0)*ScaleBytes)+((QLoraRank)*(TP8LocalHeads*HeadDim)*FP8Bytes+ROUNDUP((QLoraRank)/FP8Block,0)*ROUNDUP((TP8LocalHeads*HeadDim)/FP8Block,0)*ScaleBytes)+((HiddenSize)*(HeadDim)*FP8Bytes+ROUNDUP((HiddenSize)/FP8Block,0)*ROUNDUP((HeadDim)/FP8Block,0)*ScaleBytes)+TP8LocalHeads*HeadDim*OLoraRank*BF16Bytes+((TP8LocalOGroups*OLoraRank)*(HiddenSize)*FP8Bytes+ROUNDUP((TP8LocalOGroups*OLoraRank)/FP8Block,0)*ROUNDUP((HiddenSize)/FP8Block,0)*ScaleBytes))+DC_Rows*TotalLayers*(2*HiddenSize*BF16Bytes+QLoraRank*BF16Bytes+TP8KernelLocalHeads*HeadDim*BF16Bytes+TP8LocalOGroups*OLoraRank*BF16Bytes))+(DC_Rows*TotalLayers*(QLoraRank+TP8KernelLocalHeads*HeadDim+HeadDim+TP8LocalOGroups*OLoraRank+HiddenSize)*BF16Bytes))+((DC_Rows*WindowLayers*TP8KernelLocalHeads*HeadDim*BF16Bytes+DecodeBatch*(WindowLayers*DC_RawPairs)*HeadDim*BF16Bytes)+(DC_Rows*WindowLayers*TP8KernelLocalHeads*HeadDim*BF16Bytes))+((DC_Rows*ShortLayers*TP8KernelLocalHeads*HeadDim*BF16Bytes+DecodeBatch*(ShortLayers*(DC_RawPairs+DC_ShortPairs))*HeadDim*BF16Bytes)+(DC_Rows*ShortLayers*TP8KernelLocalHeads*HeadDim*BF16Bytes))+((DC_Rows*LongLayers*TP8KernelLocalHeads*HeadDim*BF16Bytes+DecodeBatch*(LongLayers*(DC_RawPairs+DC_LongPairs))*HeadDim*BF16Bytes)+(DC_Rows*LongLayers*TP8KernelLocalHeads*HeadDim*BF16Bytes))+((ShortLayers*(((QLoraRank)*(TP8LocalIndexHeads*IndexHeadDim)*FP8Bytes+ROUNDUP((QLoraRank)/FP8Block,0)*ROUNDUP((TP8LocalIndexHeads*IndexHeadDim)/FP8Block,0)*ScaleBytes)+HiddenSize*TP8LocalIndexHeads*BF16Bytes)+DC_Rows*ShortLayers*(QLoraRank+HiddenSize)*BF16Bytes)+(DC_Rows*ShortLayers*TP8LocalIndexHeads*(IndexHeadDim+1)*BF16Bytes))+((DecodeBatch*ShortLayers*DC_IndexPairs*(IndexHeadDim*BF16Bytes+TP8LocalIndexHeads*BF16Bytes))+(DecodeBatch*ShortLayers*DC_IndexPairs*(TP8LocalIndexHeads*BF16Bytes+FP32Bytes)))+((ShortLayers*(2*HiddenSize*(2*HeadDim)*FP32Bytes+ShortRatio*2*HeadDim*FP32Bytes+HeadDim*FP32Bytes)+DC_Rows*ShortLayers*HiddenSize*FP32Bytes)+(DC_Rows*ShortLayers*4*HeadDim*FP32Bytes))+((LongLayers*(2*HiddenSize*HeadDim*FP32Bytes+LongRatio*HeadDim*FP32Bytes+HeadDim*FP32Bytes)+DC_Rows*LongLayers*HiddenSize*FP32Bytes)+(DC_Rows*LongLayers*2*HeadDim*FP32Bytes))+((ShortLayers*(2*HiddenSize*(2*IndexHeadDim)*FP32Bytes+ShortRatio*2*IndexHeadDim*FP32Bytes+IndexHeadDim*FP32Bytes)+DC_Rows*ShortLayers*HiddenSize*FP32Bytes)+(DC_Rows*ShortLayers*4*IndexHeadDim*FP32Bytes))+((0)+(0)) -> 4035232528 | AK14: =(0)+(0)+(0)+(0)+(0)+(0)+(0)+(0)+(0)+(4*(TP1Size-1)/TP1Size*DC_Rows*HiddenSize*FP32Bytes*TotalLayers) -> 0 | AL14: =(0)+(0)+(0)+(0)+(0)+(0)+(0)+(0)+(0)+(4*(TP8Size-1)/TP8Size*DC_Rows*HiddenSize*FP32Bytes*TotalLayers) -> 2465792
A15: MoE | B15: =TEXT(IF(ABS(AE15)>=1E12,AE15/1E12,IF(ABS(AE15)>=1E9,AE15/1E9,IF(ABS(AE15)>=1E6,AE15/1E6,IF(ABS(AE15)>=1E3,AE15/1E3,AE15)))),"#,##0.000")&IF((IF(ABS(AE15)>=1E12,"TB",IF(ABS(AE15)>=1E9,"GB",IF(ABS(AE15)>=1E6,"MB",IF(ABS(AE15)>=1E3,"KB","bytes")))))="",""," "&(IF(ABS(AE15)>=1E12,"TB",IF(ABS(AE15)>=1E9,"GB",IF(ABS(AE15)>=1E6,"MB",IF(ABS(AE15)>=1E3,"KB","bytes")))))) -> 148.351 GB | C15: =TEXT(IF(ABS(AF15)>=1E15,AF15/1E15,IF(ABS(AF15)>=1E12,AF15/1E12,IF(ABS(AF15)>=1E9,AF15/1E9,IF(ABS(AF15)>=1E6,AF15/1E6,AF15)))),"#,##0.000")&IF((IF(ABS(AF15)>=1E15,"PFLOPs",IF(ABS(AF15)>=1E12,"TFLOPs",IF(ABS(AF15)>=1E9,"GFLOPs",IF(ABS(AF15)>=1E6,"MFLOPs","flops")))))="",""," "&(IF(ABS(AF15)>=1E15,"PFLOPs",IF(ABS(AF15)>=1E12,"TFLOPs",IF(ABS(AF15)>=1E9,"GFLOPs",IF(ABS(AF15)>=1E6,"MFLOPs","flops")))))) -> 15.240 GFLOPs | D15: =TEXT(IF(ABS(AK15)>=1E12,AK15/1E12,IF(ABS(AK15)>=1E9,AK15/1E9,IF(ABS(AK15)>=1E6,AK15/1E6,IF(ABS(AK15)>=1E3,AK15/1E3,AK15)))),"#,##0.000")&IF((IF(ABS(AK15)>=1E12,"TB",IF(ABS(AK15)>=1E9,"GB",IF(ABS(AK15)>=1E6,"MB",IF(ABS(AK15)>=1E3,"KB","bytes")))))="",""," "&(IF(ABS(AK15)>=1E12,"TB",IF(ABS(AK15)>=1E9,"GB",IF(ABS(AK15)>=1E6,"MB",IF(ABS(AK15)>=1E3,"KB","bytes")))))) -> 0.000 B | E15: =TEXT(IF(ABS(AH15)>=1E12,AH15/1E12,IF(ABS(AH15)>=1E9,AH15/1E9,IF(ABS(AH15)>=1E6,AH15/1E6,IF(ABS(AH15)>=1E3,AH15/1E3,AH15)))),"#,##0.000")&IF((IF(ABS(AH15)>=1E12,"TB",IF(ABS(AH15)>=1E9,"GB",IF(ABS(AH15)>=1E6,"MB",IF(ABS(AH15)>=1E3,"KB","bytes")))))="",""," "&(IF(ABS(AH15)>=1E12,"TB",IF(ABS(AH15)>=1E9,"GB",IF(ABS(AH15)>=1E6,"MB",IF(ABS(AH15)>=1E3,"KB","bytes")))))) -> 19.578 GB | F15: =TEXT(IF(ABS(AI15)>=1E15,AI15/1E15,IF(ABS(AI15)>=1E12,AI15/1E12,IF(ABS(AI15)>=1E9,AI15/1E9,IF(ABS(AI15)>=1E6,AI15/1E6,AI15)))),"#,##0.000")&IF((IF(ABS(AI15)>=1E15,"PFLOPs",IF(ABS(AI15)>=1E12,"TFLOPs",IF(ABS(AI15)>=1E9,"GFLOPs",IF(ABS(AI15)>=1E6,"MFLOPs","flops")))))="",""," "&(IF(ABS(AI15)>=1E15,"PFLOPs",IF(ABS(AI15)>=1E12,"TFLOPs",IF(ABS(AI15)>=1E9,"GFLOPs",IF(ABS(AI15)>=1E6,"MFLOPs","flops")))))) -> 3.878 GFLOPs | G15: =TEXT(IF(ABS(AL15)>=1E12,AL15/1E12,IF(ABS(AL15)>=1E9,AL15/1E9,IF(ABS(AL15)>=1E6,AL15/1E6,IF(ABS(AL15)>=1E3,AL15/1E3,AL15)))),"#,##0.000")&IF((IF(ABS(AL15)>=1E12,"TB",IF(ABS(AL15)>=1E9,"GB",IF(ABS(AL15)>=1E6,"MB",IF(ABS(AL15)>=1E3,"KB","bytes")))))="",""," "&(IF(ABS(AL15)>=1E12,"TB",IF(ABS(AL15)>=1E9,"GB",IF(ABS(AL15)>=1E6,"MB",IF(ABS(AL15)>=1E3,"KB","bytes")))))) -> 2.466 MB | H15: FP4 / FP8 / BF16 / FP32 / INT32 | I15: BF16 / FP32 / INT32 | J15: All active layers；路由专家、共享专家和 Router。 | AE15: =(TotalLayers*RoutedExperts*HiddenSize*BF16Bytes+(TotalLayers-ActiveHashLayers)*RoutedExperts*FP32Bytes+ActiveHashLayers*VocabSize*ActivatedExperts*INT32Bytes)+(TotalLayers*TP1LocalExperts*(3*HiddenSize*ExpertInter*FP4Bytes+3*HiddenSize*ExpertInter/FP4Block*ScaleBytes))+(TotalLayers*SharedExperts*(2*((HiddenSize)*(ExpertInter)*FP8Bytes+ROUNDUP((HiddenSize)/FP8Block,0)*ROUNDUP((ExpertInter)/FP8Block,0)*ScaleBytes)+((ExpertInter)*(HiddenSize)*FP8Bytes+ROUNDUP((ExpertInter)/FP8Block,0)*ROUNDUP((HiddenSize)/FP8Block,0)*ScaleBytes)))+(0) -> 148351461888 | AF15: =(2*DC_Rows*TotalLayers*HiddenSize*RoutedExperts)+(DC_Rows*TotalLayers*(ActivatedExperts/TP1Size)*6*HiddenSize*ExpertInter)+(DC_Rows*TotalLayers*SharedExperts*6*HiddenSize*ExpertInter)+(0) -> 15240003584 | AG15: =((TotalLayers*RoutedExperts*HiddenSize*BF16Bytes+(TotalLayers-ActiveHashLayers)*RoutedExperts*FP32Bytes+DC_Rows*TotalLayers*HiddenSize*BF16Bytes+DC_Rows*ActiveHashLayers*ActivatedExperts*INT32Bytes)+(DC_Rows*TotalLayers*RoutedExperts*FP32Bytes))+((TotalLayers*TP1LocalExperts*DC_ExpertActiveProbability*(3*HiddenSize*ExpertInter*FP4Bytes+3*HiddenSize*ExpertInter/FP4Block*ScaleBytes)+DC_Rows*TotalLayers*(ActivatedExperts/TP1Size)*HiddenSize*BF16Bytes)+(DC_Rows*TotalLayers*(ActivatedExperts/TP1Size)*HiddenSize*BF16Bytes))+((TotalLayers*SharedExperts*(2*((HiddenSize)*(ExpertInter)*FP8Bytes+ROUNDUP((HiddenSize)/FP8Block,0)*ROUNDUP((ExpertInter)/FP8Block,0)*ScaleBytes)+((ExpertInter)*(HiddenSize)*FP8Bytes+ROUNDUP((ExpertInter)/FP8Block,0)*ROUNDUP((HiddenSize)/FP8Block,0)*ScaleBytes))+DC_Rows*TotalLayers*SharedExperts*HiddenSize*BF16Bytes)+(DC_Rows*TotalLayers*SharedExperts*HiddenSize*BF16Bytes))+((0)+(0)) -> 4627033672 | AH15: =(TotalLayers*RoutedExperts*HiddenSize*BF16Bytes+(TotalLayers-ActiveHashLayers)*RoutedExperts*FP32Bytes+ActiveHashLayers*VocabSize*ActivatedExperts*INT32Bytes)+(TotalLayers*TP8LocalExperts*(3*HiddenSize*ExpertInter*FP4Bytes+3*HiddenSize*ExpertInter/FP4Block*ScaleBytes))+(TotalLayers*SharedExperts*(2*((HiddenSize)*(ExpertInter)*FP8Bytes+ROUNDUP((HiddenSize)/FP8Block,0)*ROUNDUP((ExpertInter)/FP8Block,0)*ScaleBytes)+((ExpertInter)*(HiddenSize)*FP8Bytes+ROUNDUP((ExpertInter)/FP8Block,0)*ROUNDUP((HiddenSize)/FP8Block,0)*ScaleBytes)))+(0) -> 19577940480 | AI15: =(2*DC_Rows*TotalLayers*HiddenSize*RoutedExperts)+(DC_Rows*TotalLayers*(ActivatedExperts/TP8Size)*6*HiddenSize*ExpertInter)+(DC_Rows*TotalLayers*SharedExperts*6*HiddenSize*ExpertInter)+(0) -> 3877634048 | AJ15: =((TotalLayers*RoutedExperts*HiddenSize*BF16Bytes+(TotalLayers-ActiveHashLayers)*RoutedExperts*FP32Bytes+DC_Rows*TotalLayers*HiddenSize*BF16Bytes+DC_Rows*ActiveHashLayers*ActivatedExperts*INT32Bytes)+(DC_Rows*TotalLayers*RoutedExperts*FP32Bytes))+((TotalLayers*TP8LocalExperts*DC_ExpertActiveProbability*(3*HiddenSize*ExpertInter*FP4Bytes+3*HiddenSize*ExpertInter/FP4Block*ScaleBytes)+DC_Rows*TotalLayers*(ActivatedExperts/TP8Size)*HiddenSize*BF16Bytes)+(DC_Rows*TotalLayers*(ActivatedExperts/TP8Size)*HiddenSize*BF16Bytes))+((TotalLayers*SharedExperts*(2*((HiddenSize)*(ExpertInter)*FP8Bytes+ROUNDUP((HiddenSize)/FP8Block,0)*ROUNDUP((ExpertInter)/FP8Block,0)*ScaleBytes)+((ExpertInter)*(HiddenSize)*FP8Bytes+ROUNDUP((ExpertInter)/FP8Block,0)*ROUNDUP((HiddenSize)/FP8Block,0)*ScaleBytes))+DC_Rows*TotalLayers*SharedExperts*HiddenSize*BF16Bytes)+(DC_Rows*TotalLayers*SharedExperts*HiddenSize*BF16Bytes))+((0)+(0)) -> 1605205576 | AK15: =(0)+(0)+(0)+(4*(TP1Size-1)/TP1Size*DC_Rows*HiddenSize*FP32Bytes*TotalLayers) -> 0 | AL15: =(0)+(0)+(0)+(4*(TP8Size-1)/TP8Size*DC_Rows*HiddenSize*FP32Bytes*TotalLayers) -> 2465792
A16: Embedding | B16: =TEXT(IF(ABS(AE16)>=1E12,AE16/1E12,IF(ABS(AE16)>=1E9,AE16/1E9,IF(ABS(AE16)>=1E6,AE16/1E6,IF(ABS(AE16)>=1E3,AE16/1E3,AE16)))),"#,##0.000")&IF((IF(ABS(AE16)>=1E12,"TB",IF(ABS(AE16)>=1E9,"GB",IF(ABS(AE16)>=1E6,"MB",IF(ABS(AE16)>=1E3,"KB","bytes")))))="",""," "&(IF(ABS(AE16)>=1E12,"TB",IF(ABS(AE16)>=1E9,"GB",IF(ABS(AE16)>=1E6,"MB",IF(ABS(AE16)>=1E3,"KB","bytes")))))) -> 1.059 GB | C16: =TEXT(IF(ABS(AF16)>=1E15,AF16/1E15,IF(ABS(AF16)>=1E12,AF16/1E12,IF(ABS(AF16)>=1E9,AF16/1E9,IF(ABS(AF16)>=1E6,AF16/1E6,AF16)))),"#,##0.000")&IF((IF(ABS(AF16)>=1E15,"PFLOPs",IF(ABS(AF16)>=1E12,"TFLOPs",IF(ABS(AF16)>=1E9,"GFLOPs",IF(ABS(AF16)>=1E6,"MFLOPs","flops")))))="",""," "&(IF(ABS(AF16)>=1E15,"PFLOPs",IF(ABS(AF16)>=1E12,"TFLOPs",IF(ABS(AF16)>=1E9,"GFLOPs",IF(ABS(AF16)>=1E6,"MFLOPs","flops")))))) -> 0.000 FLOPs | D16: =TEXT(IF(ABS(AK16)>=1E12,AK16/1E12,IF(ABS(AK16)>=1E9,AK16/1E9,IF(ABS(AK16)>=1E6,AK16/1E6,IF(ABS(AK16)>=1E3,AK16/1E3,AK16)))),"#,##0.000")&IF((IF(ABS(AK16)>=1E12,"TB",IF(ABS(AK16)>=1E9,"GB",IF(ABS(AK16)>=1E6,"MB",IF(ABS(AK16)>=1E3,"KB","bytes")))))="",""," "&(IF(ABS(AK16)>=1E12,"TB",IF(ABS(AK16)>=1E9,"GB",IF(ABS(AK16)>=1E6,"MB",IF(ABS(AK16)>=1E3,"KB","bytes")))))) -> 0.000 B | E16: =TEXT(IF(ABS(AH16)>=1E12,AH16/1E12,IF(ABS(AH16)>=1E9,AH16/1E9,IF(ABS(AH16)>=1E6,AH16/1E6,IF(ABS(AH16)>=1E3,AH16/1E3,AH16)))),"#,##0.000")&IF((IF(ABS(AH16)>=1E12,"TB",IF(ABS(AH16)>=1E9,"GB",IF(ABS(AH16)>=1E6,"MB",IF(ABS(AH16)>=1E3,"KB","bytes")))))="",""," "&(IF(ABS(AH16)>=1E12,"TB",IF(ABS(AH16)>=1E9,"GB",IF(ABS(AH16)>=1E6,"MB",IF(ABS(AH16)>=1E3,"KB","bytes")))))) -> 132.383 MB | F16: =TEXT(IF(ABS(AI16)>=1E15,AI16/1E15,IF(ABS(AI16)>=1E12,AI16/1E12,IF(ABS(AI16)>=1E9,AI16/1E9,IF(ABS(AI16)>=1E6,AI16/1E6,AI16)))),"#,##0.000")&IF((IF(ABS(AI16)>=1E15,"PFLOPs",IF(ABS(AI16)>=1E12,"TFLOPs",IF(ABS(AI16)>=1E9,"GFLOPs",IF(ABS(AI16)>=1E6,"MFLOPs","flops")))))="",""," "&(IF(ABS(AI16)>=1E15,"PFLOPs",IF(ABS(AI16)>=1E12,"TFLOPs",IF(ABS(AI16)>=1E9,"GFLOPs",IF(ABS(AI16)>=1E6,"MFLOPs","flops")))))) -> 0.000 FLOPs | G16: =TEXT(IF(ABS(AL16)>=1E12,AL16/1E12,IF(ABS(AL16)>=1E9,AL16/1E9,IF(ABS(AL16)>=1E6,AL16/1E6,IF(ABS(AL16)>=1E3,AL16/1E3,AL16)))),"#,##0.000")&IF((IF(ABS(AL16)>=1E12,"TB",IF(ABS(AL16)>=1E9,"GB",IF(ABS(AL16)>=1E6,"MB",IF(ABS(AL16)>=1E3,"KB","bytes")))))="",""," "&(IF(ABS(AL16)>=1E12,"TB",IF(ABS(AL16)>=1E9,"GB",IF(ABS(AL16)>=1E6,"MB",IF(ABS(AL16)>=1E3,"KB","bytes")))))) -> 28.672 KB | H16: BF16 | I16: BF16 hidden / residual | J16: Input embedding；词表维度按 TP 分片。 | AE16: =(TP1LocalVocab*HiddenSize*BF16Bytes) -> 1059061760 | AF16: =(0) -> 0 | AG16: =((DC_Rows*HiddenSize*BF16Bytes)+(DC_Rows*HiddenSize*BF16Bytes)) -> 16384 | AH16: =(TP8LocalVocab*HiddenSize*BF16Bytes) -> 132382720 | AI16: =(0) -> 0 | AJ16: =((DC_Rows*HiddenSize*BF16Bytes)+(DC_Rows*HiddenSize*BF16Bytes)) -> 16384 | AK16: =(4*(TP1Size-1)/TP1Size*DC_Rows*HiddenSize*BF16Bytes) -> 0 | AL16: =(4*(TP8Size-1)/TP8Size*DC_Rows*HiddenSize*BF16Bytes) -> 28672
A17: LM Head | B17: =TEXT(IF(ABS(AE17)>=1E12,AE17/1E12,IF(ABS(AE17)>=1E9,AE17/1E9,IF(ABS(AE17)>=1E6,AE17/1E6,IF(ABS(AE17)>=1E3,AE17/1E3,AE17)))),"#,##0.000")&IF((IF(ABS(AE17)>=1E12,"TB",IF(ABS(AE17)>=1E9,"GB",IF(ABS(AE17)>=1E6,"MB",IF(ABS(AE17)>=1E3,"KB","bytes")))))="",""," "&(IF(ABS(AE17)>=1E12,"TB",IF(ABS(AE17)>=1E9,"GB",IF(ABS(AE17)>=1E6,"MB",IF(ABS(AE17)>=1E3,"KB","bytes")))))) -> 2.118 GB | C17: =TEXT(IF(ABS(AF17)>=1E15,AF17/1E15,IF(ABS(AF17)>=1E12,AF17/1E12,IF(ABS(AF17)>=1E9,AF17/1E9,IF(ABS(AF17)>=1E6,AF17/1E6,AF17)))),"#,##0.000")&IF((IF(ABS(AF17)>=1E15,"PFLOPs",IF(ABS(AF17)>=1E12,"TFLOPs",IF(ABS(AF17)>=1E9,"GFLOPs",IF(ABS(AF17)>=1E6,"MFLOPs","flops")))))="",""," "&(IF(ABS(AF17)>=1E15,"PFLOPs",IF(ABS(AF17)>=1E12,"TFLOPs",IF(ABS(AF17)>=1E9,"GFLOPs",IF(ABS(AF17)>=1E6,"MFLOPs","flops")))))) -> 1.059 GFLOPs | D17: =TEXT(IF(ABS(AK17)>=1E12,AK17/1E12,IF(ABS(AK17)>=1E9,AK17/1E9,IF(ABS(AK17)>=1E6,AK17/1E6,IF(ABS(AK17)>=1E3,AK17/1E3,AK17)))),"#,##0.000")&IF((IF(ABS(AK17)>=1E12,"TB",IF(ABS(AK17)>=1E9,"GB",IF(ABS(AK17)>=1E6,"MB",IF(ABS(AK17)>=1E3,"KB","bytes")))))="",""," "&(IF(ABS(AK17)>=1E12,"TB",IF(ABS(AK17)>=1E9,"GB",IF(ABS(AK17)>=1E6,"MB",IF(ABS(AK17)>=1E3,"KB","bytes")))))) -> 0.000 B | E17: =TEXT(IF(ABS(AH17)>=1E12,AH17/1E12,IF(ABS(AH17)>=1E9,AH17/1E9,IF(ABS(AH17)>=1E6,AH17/1E6,IF(ABS(AH17)>=1E3,AH17/1E3,AH17)))),"#,##0.000")&IF((IF(ABS(AH17)>=1E12,"TB",IF(ABS(AH17)>=1E9,"GB",IF(ABS(AH17)>=1E6,"MB",IF(ABS(AH17)>=1E3,"KB","bytes")))))="",""," "&(IF(ABS(AH17)>=1E12,"TB",IF(ABS(AH17)>=1E9,"GB",IF(ABS(AH17)>=1E6,"MB",IF(ABS(AH17)>=1E3,"KB","bytes")))))) -> 264.765 MB | F17: =TEXT(IF(ABS(AI17)>=1E15,AI17/1E15,IF(ABS(AI17)>=1E12,AI17/1E12,IF(ABS(AI17)>=1E9,AI17/1E9,IF(ABS(AI17)>=1E6,AI17/1E6,AI17)))),"#,##0.000")&IF((IF(ABS(AI17)>=1E15,"PFLOPs",IF(ABS(AI17)>=1E12,"TFLOPs",IF(ABS(AI17)>=1E9,"GFLOPs",IF(ABS(AI17)>=1E6,"MFLOPs","flops")))))="",""," "&(IF(ABS(AI17)>=1E15,"PFLOPs",IF(ABS(AI17)>=1E12,"TFLOPs",IF(ABS(AI17)>=1E9,"GFLOPs",IF(ABS(AI17)>=1E6,"MFLOPs","flops")))))) -> 132.383 MFLOPs | G17: =TEXT(IF(ABS(AL17)>=1E12,AL17/1E12,IF(ABS(AL17)>=1E9,AL17/1E9,IF(ABS(AL17)>=1E6,AL17/1E6,IF(ABS(AL17)>=1E3,AL17/1E3,AL17)))),"#,##0.000")&IF((IF(ABS(AL17)>=1E12,"TB",IF(ABS(AL17)>=1E9,"GB",IF(ABS(AL17)>=1E6,"MB",IF(ABS(AL17)>=1E3,"KB","bytes")))))="",""," "&(IF(ABS(AL17)>=1E12,"TB",IF(ABS(AL17)>=1E9,"GB",IF(ABS(AL17)>=1E6,"MB",IF(ABS(AL17)>=1E3,"KB","bytes")))))) -> 904.960 KB | H17: FP32 | I17: FP32 logits | J17: Model tail；词表维度按 TP 分片；Prefill 只计算最后一个 token 的 logits。 | AE17: =(TP1LocalVocab*HiddenSize*FP32Bytes) -> 2118123520 | AF17: =(2*DC_Rows*HiddenSize*TP1LocalVocab) -> 1059061760 | AG17: =((TP1LocalVocab*HiddenSize*FP32Bytes+DC_Rows*HiddenSize*FP32Bytes)+(DC_Rows*TP1LocalVocab*FP32Bytes)) -> 2118657024 | AH17: =(TP8LocalVocab*HiddenSize*FP32Bytes) -> 264765440 | AI17: =(2*DC_Rows*HiddenSize*TP8LocalVocab) -> 132382720 | AJ17: =((TP8LocalVocab*HiddenSize*FP32Bytes+DC_Rows*HiddenSize*FP32Bytes)+(DC_Rows*TP8LocalVocab*FP32Bytes)) -> 264846464 | AK17: =(2*(TP1Size-1)*DC_Rows*TP1LocalVocab*FP32Bytes) -> 0 | AL17: =(2*(TP8Size-1)*DC_Rows*TP8LocalVocab*FP32Bytes) -> 904960
